"Lower Chance Farm SU58_89","Malthouse SU48_34","Calvesleys Farm SU57_159","Woodend SU57_155","Ashridge Wood SU47_140","Briff Lane SU56_119","Mayfield Farm SU57_158","The Barracks SU48_71","Compton Shepherds Hill SU57_154","Marlston Farm SU57_161","Bottom Barn SU57_153","Beenham SU56_220","Hartridge Farm SU57_39","Bere Court Farm SU67_84","comp","D"
0.0705135915323559,0.0107462086973987,0.11685393258427,0,0.0938526966943745,0.46677074041035,0.0550678186547754,0.0762608563157091,0,0.746635610766046,0.0979751796211626,0.526209677419355,0,0.217241379310345,0.177009120857582,1990-01-01
0.384441905220111,0.469518931405041,0.371535580524345,0.281431334622824,0.325826406340614,0.636515016354446,0.252949646971386,0.342621514551272,0.253884400248601,0.878881987577641,0.344872632266492,0.651209677419356,0.163066385669126,0.385057471264369,0.410129492173973,1990-02-01
0.660331970170796,0.725494626895651,0.465917602996255,0.546905222437137,0.530253237966364,0.721751412429379,0.540017651430695,0.41642541520646,0.505593536357986,0.892080745341616,0.596995427824951,0.588709677419355,0.429399367755532,NA,0.586144299556321,1990-03-01
0.698941544382969,0.670784372803053,0.467505617977528,0.640618955512572,0.529711965977189,0.714362176628012,0.604422147900409,0.365534054548225,0.589310130515849,0.857971014492754,0.573481384715872,NA,0.406743940990516,0.504597701149425,0.586460385199567,1990-04-01
0.655220110656724,0.564678115898363,0.408838951310862,0.642005157962604,0.480185578967717,0.679081177520072,0.531772575250837,0.310623952460765,0.574580484773152,0.833074534161491,0.528412802090136,0.465725806451613,0.347207586933614,0.432183908045977,0.532399338748852,1990-05-01
0.58756314649988,0.473912825148137,0.328539325842697,0.536266924564797,0.386042915136285,0.62756467439786,0.492405239687848,0.271674539082736,0.489434431323803,0.802018633540373,0.478118876551273,0.334677419354839,0.287671232876712,0.389655172413793,0.46325323974436,1990-06-01
0.507096463796007,0.379833283117405,0.259325842696629,0.453513862024501,0.214846317417359,0.556586381207256,0.430044593088071,0.227944537559043,0.413424487259168,0.77432712215321,NA,0.310483870967743,0.219704952581665,0.327586206896552,0.390362916981893,1990-07-01
0.428193408708203,0.29087576579291,0.213782771535581,0.372501611863314,0.142470520007732,0.494350282485876,0.369774247491639,0.192632942252018,0.334369173399627,0.736801242236026,0.327237099934683,0.254032258064517,0.164383561643835,0.257471264367816,0.327062582127413,1990-08-01
0.349891748857349,0.219443607512303,0.173752808988764,0.340167633784655,0.0954958438043688,0.424620874219448,0.27833519137867,0.162197165930215,0.282908638906153,0.687991718426501,0.270411495754409,0.239919354838711,0.128556375131718,0.222988505747127,0.276905783091457,1990-09-01
0.263260764974741,0.143994174952295,0.143220973782772,0.292714377820761,0.0543205103421607,0.366859946476361,0.16353121516165,0.135208746000305,0.224052206339342,0.643892339544514,0.209340300457217,0.271169354838711,0.0922023182297151,0.194252873563219,0.228430007320269,1990-10-01
0.0825414962713497,0.026949214957651,0.111610486891386,0.155867182462927,0,0.346045197740113,0.112551096246749,0.0743562395246071,0.114356743318831,0.612318840579711,0.132593076420639,0.127016129032259,0.057692307692308,0.16896551724138,0.151633109169994,1990-11-01
0.0478710608611984,0,0.0692434456928841,0.135267569310122,0.0673368129389778,0.298067201903063,0.0587142326272759,0,0.0678682411435674,0.560455486542443,NA,0,NA,0.148275862068966,0.121091659424042,1990-12-01
0.0240558094779893,0,0.074606741573034,0.129754996776274,0.0677556543591726,0.346565566458521,0.0368357487922708,0.000838031388084388,0.0581106277190804,0.625776397515528,0.0522534291312865,0.368951612903227,0,0.141379310344828,0.137634566174235,1991-01-01
0.0142831368775558,0,0.0773033707865172,0.1428110896196,0.0778078484438426,0.339280404400833,0.0125650315867706,0.0109325003809231,0.0610627719080176,0.616459627329193,0.099934683213586,0.383064516129033,0,0.159770114942529,0.142519649687029,1991-02-01
0.0215299494828003,0.0183288138997695,0.101722846441948,0.157833655705997,0.0982408660351826,0.377163247100804,0,0.062471430748133,0.0706028589185828,0.649482401656315,0.130633572828217,0.385080645161291,0,0.167816091954023,0.16006474142379,1991-03-01
0.0700625451046431,0.062167319473737,0.114157303370787,0.196808510638297,0.129035375990721,0.360615521855487,0.0376486436269047,0.129971049824775,0.108452454940957,0.639233954451347,0.169823644676682,0.475806451612903,0.036354056902002,0.182758620689656,0.193778246654207,1991-04-01
0.115618234303584,0.163201767600683,0.124794007490637,0.223726627981947,0.15687222114827,0.355932203389831,0.0723708658491264,0.179014932195642,0.139683032939714,0.625,0.199869366427172,0.453629032258064,0.0584826132771334,0.196551724137931,0.218910473499981,1991-05-01
0.13074332451287,0.197599678618058,0.120059925093633,0.230560928433268,0.160564469360139,0.337198929527209,0.0905797101449271,0.190461679110163,0.14816656308266,0.596687370600415,0.19921619856303,0.447580645161291,0.0642781875658584,0.185057471264369,0.221339648645564,1991-06-01
0.149597065191244,0.190820528271568,0.103370786516854,0.223887814313346,0.144210322830079,0.312637526018437,0.0881642512077293,0.172729696785007,0.1452765692977,0.575569358178054,0.158719790986283,0.389112903225808,0.0521601685985249,0.168390804597701,0.205331970429881,1991-07-01
0.139523694972336,0.15516721904188,0.0841947565543072,0.21067053513862,0.124589213222501,0.272152839726436,0.114176885916016,0.149207679414901,0.139216904909882,0.549171842650104,NA,NA,NA,NA,0.193807157154698,1991-08-01
0.120519605484725,0.107763382544943,0.0584569288389511,0.188136686009027,0.10187512081964,0.238120725542671,0.12263099219621,0.125628523541063,0.122684897451834,0.519461697722568,0.181580666231221,0.322580645161291,0,0.136781609195403,0.167587248624253,1991-09-01
0.0914120760163586,0.0633976097218039,0.0355056179775282,0.157640232108318,0.0819640440750045,0.200341956586383,0.100938312894835,0.099401950327594,0.0949347420758229,0.492494824016564,0.0542129327237099,0.334677419354839,0,0.116091954022989,0.137358119421554,1991-10-01
0.0613423141688724,0.033393592447524,0.0227715355805249,0.132656350741457,0.0680456214962301,0.209708593517693,0.0828223708658492,0.0770227030321496,0.0713175885643253,0.479037267080745,0.0287393860222076,0.322580645161291,0,0.129885057471265,0.122808787582152,1991-11-01
0.0318739475583354,0.00923973084262315,0.0131835205992509,0.113217279174726,0.0583413879760294,0.185251263752602,0.0548123374210328,0.0532530854792014,0.0502175264139213,0.47851966873706,0.0169823644676676,0.298387096774194,0,0.118390804597701,0.105833572413882,1991-12-01
0.0087202309357716,0,0.00464419475655519,0.0970341715022572,0.0537405760680451,0.162875408861136,0.0428743961352658,0.0393112905683375,0.0323182100683652,0.457763975155281,0.00261267145656382,0.256048387096775,0,0.119540229885058,0.0912488387492436,1992-01-01
0,0,0,0.0933268858800777,0.052967330369225,0.168079096045199,0.0763192121887775,0.0349306719488034,0.0329397141081409,NA,NA,NA,NA,NA,0.0509514345044692,1992-02-01
0.00469088284820802,0,0.00374531835205993,0.102256608639587,0.0550937560409819,0.182475963921103,0.0989409141583053,0.0414444613743713,0.0464885021752636,0.453416149068324,0,0.197580645161291,0,0.113793103448276,0.0928518789419837,1992-03-01
0.0214998797209527,0,0.0119850187265919,0.117343649258543,0.0608930987821376,0.199127762910101,0.135892790784095,0.0572146884046928,0.0647917961466752,0.472826086956523,0.0137165251469624,0.260080645161292,0,0.113793103448276,0.109226074674774,1992-04-01
0.0502766418089968,0,0.0188764044943819,0.14107027724049,0.0694761260390488,0.202423431460007,0.180416202155333,0.0764894103306413,0.0928527035425731,0.480331262939959,NA,NA,NA,NA,0.131221246001143,1992-05-01
0.0798352177050758,0.0334438083760167,0.0184269662921351,0.160058027079304,0.0761647013338488,0.160273565269106,0.211724266072092,0.0897836355325303,0.116842759477936,0.459213250517599,0.0346178967994775,0.300403225806452,0,0.101149425287357,0.131566910396352,1992-06-01
0.0945694010103443,NA,0.0109363295880153,0.163281753707285,0.0726850956891551,0.136336604222421,0.227982162764772,0.0856887094316623,0.12566811684276,0.444099378881988,0.0228608752449376,0.237903225806452,0,0.109195402298851,0.133169773499126,1992-07-01
0.101876353139283,0.031636034950286,0.00440449438202221,0.159381044487427,0.066073844964237,0.135816235504015,0.24247491638796,0.0684900198080142,0.131448104412678,0.439182194616978,0.0130633572828219,0.312500000000001,0,0.0977011494252875,0.128860553525787,1992-08-01
0.106597305749339,0,0.024719101123596,0.164087685364281,0.0653392615503575,0.176925364258103,0.246910999628391,0.0470249885722986,0.134866376631448,0.494824016563147,0.0404964075767466,0.35483870967742,0,0.127586206896552,0.141729744542263,1992-09-01
0.127796487851816,0,0.0767041198501873,0.206479690522244,0.0855403054320507,0.294528694617902,0.263749535488666,0.0632142312966629,0.170136730888751,0.605590062111802,0.109079033311561,0.477822580645162,NA,0.194252873563219,0.205761103506156,1992-10-01
0.211691123406302,0.108165109972883,0.123445692883895,0.286137975499678,0.1382949932341,0.396312815938151,0.311872909698997,0.155111991467316,0.239030453697949,0.689233954451346,NA,NA,NA,NA,0.265929702025062,1992-11-01
0.57824152032716,0.626945867229085,0.351850187265917,0.589780786589297,0.398414846317417,0.614555456437705,0.539204756596061,0.395474630504342,0.525481665630827,NA,0.233834095362508,0.556451612903227,NA,0.274712643678161,0.473745672403476,1992-12-01
0.805989896560019,0.861830872752837,0.461033707865169,0.793939393939393,0.56172433790837,0.749330954504907,0.728260869565218,0.439890294072832,0.74269732753263,0.946169772256729,0.53037230568256,0.784274193548387,NA,0.487356321839081,0.68406694215601,1993-01-01
0.89186913639644,0.909410464999498,0.625018726591761,0.903288201160542,0.644886912816547,0.805530776092776,0.834401709401709,0.434424043882371,0.863890615288999,0.908902691511388,0.649902024820379,0.703629032258065,0.562170706006322,0.590804597701149,0.73772354563771,1993-02-01
0.868264373346163,0.772622275785879,0.602247191011237,0.898936170212766,0.605451382176687,0.786797502230152,0.822440542549239,0.38119000457108,0.855811062771908,0.754658385093169,0.670803396472893,0.653225806451613,0.600632244467861,0.608045977011495,0.705794736725153,1993-03-01
0.827519846042819,0.631214221150949,0.553558052434457,0.867182462927144,0.552774018944519,0.775869759143624,0.779589371980677,0.329574889532226,0.821006836544438,0.763630089717046,0.615284128020901,0.637096774193549,0.508429926238145,0.533333333333333,0.656861693585988,1993-04-01
0.78253548231898,0.570854675102943,0.507295880149813,0.823597678916828,0.527701527160255,0.736009515313709,0.734299516908212,0.310528721621209,0.771286513362337,0.727743271221532,0.589157413455258,0.675403225806452,0.467334035827186,0.495402298850575,0.622796411143949,1993-05-01
0.727537887899928,0.51396002812092,0.46147315855181,0.776434558349452,0.489754494490624,0.68619288333829,0.688080639167596,0.289197013560872,0.718458669981355,0.70600414078675,NA,NA,NA,NA,0.60570934742476,1993-06-01
0.668751503488093,0.46248870141609,0.392059925093633,0.726466795615731,0.446066112507249,0.639533154921203,0.637100520252694,0.268341459698308,0.664698570540709,0.681935817805384,0.529065969954278,0.679435483870969,0.386722866174921,NA,0.552512837026097,1993-07-01
0.602116911234063,0.403233905794918,0.324524344569289,0.672727272727272,0.388826599652039,0.585727029438002,0.588628762541806,0.241733963126619,0.606836544437539,0.658799171842651,0.478118876551273,0.66733870967742,0.320337197049526,0.381609195402299,0.494325606003194,1993-08-01
0.541857108491701,0.342974791603897,0.271610486891386,0.6249194068343,0.34090469746762,0.53754088611359,0.541875696767001,0.214536035349687,0.557799875699192,0.641131815044858,0.424559111691705,0.637096774193549,0.248682824025289,0.319540229885057,0.446073552861345,1993-09-01
0.54281934087082,0.35201365873255,0.293123595505618,0.626563507414571,0.342973129711966,0.588641094261077,0.533444816053512,0.230153893036721,0.556991920447483,0.68840579710145,0.424559111691705,0.598790322580646,0.228134878819811,0.345977011494253,0.453756576980156,1993-10-01
0.629811161895598,0.489906598373004,0.319400749063671,0.674242424242424,0.420935627295573,0.57448706512043,0.595526755852843,0.310243029102544,0.607986326911125,0.665372670807455,0.470280862181581,0.631048387096775,0.29504741833509,0.372413793103448,0.504050204955826,1993-11-01
0.647101274957903,0.528606340597904,0.342022471910113,0.697775628626693,0.43794703266963,0.589057389235801,0.613642697881828,0.311861953374981,0.631448104412679,0.669772256728779,NA,NA,NA,NA,0.546923515039631,1993-12-01
0.808996872744768,0.724515416290047,0.539925093632959,0.823726627981947,0.573554997100329,0.710303300624443,0.754645113340766,0.42991010208746,0.773151025481666,0.774844720496895,0.553886348791639,0.762096774193548,0.391464699683878,0.462068965517242,0.648792146997685,1994-01-01
0.923592735145538,0.848774731344783,0.775280898876405,0.95535138620245,0.708099748695148,0.786277133511747,0.888285024154589,0.461755294834679,0.924798011187073,0.787784679089027,0.690398432397126,0.810483870967742,0.66754478398314,0.622988505747126,0.77510108829547,1994-02-01
0.920285061342315,0.808099829265843,0.777977528089888,0.969374597034171,0.711192731490431,0.798765982753496,0.91662021553326,0.42785311595307,0.950124300807956,0.769151138716357,0.74134552580013,0.820564516129032,0.752370916754478,0.702298850574713,0.790430307874653,1994-03-01
0.891418089968728,0.714572662448529,0.715056179775281,0.95712443584784,0.658225401121206,0.810214094558432,0.887239873652917,0.387284778302605,0.931634555624612,0.762163561076606,0.69888961463096,0.786290322580646,0.690200210748156,0.658620689655173,0.753495319285121,1994-04-01
0.849049795525619,0.619262830169729,0.645123595505618,0.925080593165699,0.601159868548231,0.769313113291705,0.839000371609067,0.330489105591954,0.890739589807334,0.736231884057972,0.646636185499673,0.733870967741935,0.614330874604847,0.589655172413793,0.699281710538084,1994-05-01
0.809177291315853,0.514336647584614,0.573632958801498,0.876853642811089,0.548037889039242,0.731638418079097,0.79387309550353,0.28224516227335,0.841982597886887,0.720238095238097,0.604833442194643,0.731854838709678,0.552160168598525,0.544827586206897,0.651835131017357,1994-06-01
0.757757998556652,0.429848347895953,0.495910112359551,0.819084461637653,0.497003672917069,0.680642283675291,0.736622073578596,0.245390827365534,0.777004350528279,0.692339544513458,0.542782495101241,0.627016129032258,0.459957850368809,0.472413793103449,0.588126710045271,1994-07-01
0.685440221313448,NA,0.429812734082397,0.748388136686009,0.438913589793157,0.611433244127268,0.672519509476031,0.22843973792473,0.694220012430081,0.668737060041409,0.498367080339647,0.560483870967742,0.393572181243414,0.420689655172414,0.542385925661365,1994-08-01
0.618083954775078,0.321884101637039,0.328439450686642,0.692134107027724,0.382080030929828,0.557314897413025,0.620958751393534,0.211869571842145,0.633312616532008,0.63664596273292,0.452645329849771,0.592741935483872,0.32349841938883,0.370114942528736,0.481551719444368,1994-09-01
0.550396920856387,0.28161092698604,0.277543071161049,0.637782076079948,0.331374444229654,0.508712459113887,0.564752879970272,0.193966174005789,0.573151025481666,0.625051759834368,0.414761593729588,0.610887096774194,0.260800842992624,0.32528735632184,0.43971990196695,1994-10-01
0.506374789511668,0.238776739981922,0.260823970037454,0.609929078014184,0.305238739609511,0.515685399940531,0.535024154589372,0.168444309005028,0.544437538844002,0.648033126293997,0.391900718484651,0.627016129032258,0.224446786090622,0.303448275862069,0.419969982521233,1994-11-01
NA,0.222958722506779,0.260074906367041,NA,NA,0.552111210228963,NA,NA,NA,0.665838509316771,0.401698236446766,0.641129032258064,0.206533192834562,0.303448275862069,0.406724010727627,1994-12-01
0.531994226605725,0.305011549663553,0.336389513108614,0.636621534493874,0.363618789870481,0.599464763603926,0.545893719806763,0.22863019960384,0.565941578620261,0.725155279503105,0.435662965382103,0.683467741935484,0.226027397260274,0.326436781609196,0.465022574361943,1995-01-01
0.832631705556892,0.730892839208597,0.580374531835206,0.861863313990974,0.624782524647207,0.701457032411539,0.797589186176143,0.452517903397836,0.817899316345557,0.798136645962734,0.600914435009798,0.731854838709678,0.430979978925184,0.493103448275863,0.675356978603801,1995-02-01
0.938176569641569,0.879406447725218,0.77498127340824,0.961154094132817,0.744442296539725,0.857567647933394,0.919058900037161,0.489657930824318,0.937849596022374,0.797877846790892,0.778576094056172,0.806451612903226,0.775026343519494,0.744827586206897,0.814646731410107,1995-03-01
0.919533317296127,NA,0.770486891385768,0.960025789813024,0.727121592886139,0.8076122509664,0.928651059085842,0.452079841535883,0.940459912989435,0.763768115942029,0.764206401045069,0.679435483870969,0.752897787144363,0.725287356321839,0.78396660002176,1995-04-01
0.867061582872264,0.723310234006227,0.663820224719102,0.919084461637653,0.631258457374831,0.76390127862028,0.8707497212932,0.370619381380466,0.89294592914854,0.736542443064183,0.689092096668844,0.608870967741936,0.649104320337197,0.619540229885057,0.714707237767841,1995-05-01
0.807523454414242,0.596063071206187,0.566591760299626,0.864925854287557,0.557413493137444,0.714466250371693,0.79933110367893,0.312052415054091,0.827377252952145,0.707298136645964,0.607446113651208,0.641129032258064,0.53477344573235,0.527586206896552,0.647426970756147,1995-06-01
0.720952610055328,0.487596665662348,0.457677902621723,0.779883945841393,0.484245118886526,0.667737139458818,0.686733556298774,0.265122657321347,0.722560596643878,0.673498964803313,0.536903984323971,NA,0.424130663856692,0.443678160919541,0.565440151284127,1995-07-01
0.621993023815251,0.39570151652104,0.350262172284644,0.68568665377176,0.407210516141504,0.586975914362177,0.590765514678558,0.223582965107421,0.620571783716594,0.636904761904763,0.477465708687133,0.40725806451613,0.331928345626976,0.372413793103448,0.479194338159814,1995-08-01
0.540804666827039,0.32389273877674,0.280449438202248,0.617343649258543,0.346897351633481,0.54430567945287,0.517256596060944,0.195775559957336,0.547389683032939,0.622412008281574,0.439581972566949,0.459677419354839,0.262381454162276,0.320689655172414,0.429918419481442,1995-09-01
0.473298051479433,0.260821532590138,0.243985018726592,0.564796905222437,0.300289967137058,0.492476955099614,0.473708658491267,0.171948803900655,0.493349906774394,0.612836438923396,0.395166557805356,0.443548387096775,0.212328767123287,0.288505747126437,0.387647264106917,1995-10-01
0.424133990858793,0.212538917344582,0.22996254681648,0.523533204384268,0.270152716025517,0.457924472197444,0.435734856930509,0.157683224135303,0.450124300807955,0.605590062111802,0.356629653821032,0.518145161290323,0.177555321390938,0.251724137931035,0.362245183288999,1995-11-01
0.420976665864806,0.213543235914432,0.247340823970038,0.508542875564152,0.275623429344674,0.536326692437309,0.422519509476031,0.176976992229163,0.441640770665009,0.669772256728779,0.398432397126061,0.58467741935484,0.180716543730242,0.306896551724138,0.384570440294977,1995-12-01
0.609063026220832,NA,0.333782771535581,0.632495164410058,0.424221921515562,0.621667162255924,0.527591973244148,0.316337802834069,0.554847731510255,0.841873706004142,0.502939255388635,0.69758064516129,NA,NA,0.551127378189136,1996-01-01
0.674314409429878,0.589409460680928,0.417927590511861,0.722275950999355,0.531026483665185,0.648587570621471,0.63094574507618,0.364238915130276,0.653822249844624,0.829192546583852,0.563030698889614,0.576612903225806,0.447839831401475,0.425287356321839,0.576750836598739,1996-02-01
0.688898243925908,0.628326805262629,0.482367041198502,0.770599613152804,0.559945872801082,0.644424620874221,0.677164622816797,0.37200975163797,0.709757613424488,0.829192546583852,0.597648595689091,0.546370967741936,NA,0.5,0.615900484239175,1996-03-01
0.763892229973538,0.630912925579994,0.51310861423221,0.791908446163765,0.56359945872801,0.647338685697294,0.711352657004831,0.359667834831632,0.737103791174643,0.822981366459628,0.603527106466361,0.534274193548388,0.471548998946259,0.511494252873563,0.618765040120008,1996-04-01
0.742121722395959,0.575223460881792,0.490037453183521,0.769503546099291,0.526580320896965,0.615422737635049,0.683203270159792,0.323575346640256,0.713331261653201,0.805383022774327,NA,NA,NA,NA,0.624438214232015,1996-05-01
0.715660331970171,0.51006829366275,0.402996254681648,0.705093488072211,0.464527353566595,0.568242640499555,0.620803914282175,0.287597135456346,0.648228713486638,0.783643892339546,0.496407576747224,NA,0.397787144362487,0.435632183908047,0.541283763310415,1996-06-01
0.606958142891508,0.427337551471327,0.333483146067416,0.6607027724049,0.409143630388556,0.521929824561405,0.609578223708659,0.249580984305957,0.595400870105656,0.759834368530021,0.476812540822991,0.46975806451613,0.330347734457324,NA,0.496220604171681,1996-07-01
0.562755592975704,0.348498543738074,0.276554307116105,0.636041263700838,0.361782331335782,0.481341064525721,0.578223708658491,0.220059424043882,0.574425108763207,0.736024844720497,0.429784454604833,0.411290322580646,0.264488935721813,NA,0.452405377114276,1996-08-01
0.508299254269906,0.283820427839711,0.243505617977528,0.591618310767247,0.310960757780785,0.433779363663397,0.525153288740245,0.191756818528112,0.530515848353015,0.721532091097309,0.386675375571522,0.395161290322581,0.219178082191781,0.274712643678161,0.401190655055807,1996-09-01
0.454654799133991,0.223837501255398,0.21498127340824,0.54642166344294,0.264546684709066,0.408489443948857,0.488456893348198,0.16473030626238,0.484928527035426,0.709109730848862,0.342913128674069,0.376344086021505,0.181243414120127,0.240229885057472,0.364349095519038,1996-10-01
0.420224921818619,0.178643165612132,0.204044943820225,0.509832366215345,0.23236033249565,0.408489443948857,0.466276477146042,0.144636599116257,0.449968924798011,0.712991718426502,0.309601567602874,0.407762096774194,0.153846153846154,NA,0.353744516278528,1996-11-01
0.387779648785182,0.143952328345218,0.189213483146067,0.47926069202665,0.207358721567111,0.403806125483201,0.4520624303233,0.128599725735182,0.419722394862233,0.722049689440995,0.293925538863488,0.411290322580646,0.138566912539515,NA,0.336737539515291,1996-12-01
0.363242723117633,0.113153225536473,0.175430711610487,0.458413926499033,0.196017784651073,0.360615521855487,0.442818654775177,0.116353039768398,0.399782473586078,0.702639751552796,0.277596342259961,0.328629032258065,0.121707060063224,NA,0.312030788271837,1997-01-01
0.347456098147703,0.0977955207391787,0.179775280898876,0.44277885235332,0.185482312004639,0.394439488551889,0.436547751765143,0.113496114581746,0.384400248601615,0.708592132505176,0.260613977792292,0.346774193548388,0.111169652265542,0.198850574712644,0.300583728462011,1997-02-01
0.32463314890546,0.0907903987144719,0.182262172284644,0.441134751773049,0.181712739222888,0.44335414808207,0.43403939056113,0.109477373152522,0.381852082038533,0.746583850931678,0.267145656433703,0.406854838709677,0.109062170706006,NA,0.316838670885833,1997-03-01
0.287617272071205,0.110475042683539,0.177977528089888,0.44100580270793,0.197370964624009,0.390796907523046,0.433528428093646,0.129304433947889,0.38036047234307,0.712991718426502,0.277596342259961,0.439516129032258,0.114330874604847,NA,0.314836301262138,1997-04-01
0.264012509020929,NA,0.168988764044944,0.432194283258113,0.195437850376957,0.36425810288433,0.431902638424378,0.145017522474478,0.37373109591879,0.692546583850932,0.275636838667537,0.431955645161291,0.119599578503688,NA,0.324606784382197,1997-05-01
0.233461630983883,0.133775233504068,0.153498127340825,0.411669890393295,0.178194471293253,0.33137079988106,0.424284652545522,0.137818071004114,0.356370416407707,0.669979296066254,0.249510124101894,0.418346774193549,0.107481559536354,NA,0.292750849788598,1997-06-01
0.202369497233582,0.109847343577383,0.140074906367042,0.388942617666022,0.162317159610799,0.298171275646745,0.410418989223337,0.120638427548377,0.33219390926041,0.644668737060042,0.225342913128674,0.464112903225806,0.0948366701791362,NA,0.276456565363643,1997-07-01
0.169834014914602,0.0824796625489604,0.126891385767791,0.363765312701483,0.141310651459501,0.278501338090991,0.394741731698254,0.099497181167149,0.30652579241765,0.621325051759834,0.197256694970607,0.474193548387097,0.0763962065331926,NA,0.256362967109009,1997-08-01
0.186282174645177,0.0591543637641859,0.109513108614233,0.339458413926499,0.129228687415426,0.251858459708595,0.381503158677072,0.0820699375285692,0.285891858297079,0.596790890269151,0.1685173089484,0.447580645161291,0.0605900948366701,NA,0.238341469368642,1997-09-01
0.207932403175367,NA,0.096779026217229,0.321566731141199,0.117630001933114,NA,0.375580639167596,0.0714040834984001,0.272995649471722,0.572981366459627,0.146962769431744,0.388104838709678,0.0495258166491046,0.14367816091954,0.230428457231193,1997-10-01
0.208984844840029,NA,0.101123595505619,0.308317214700193,0.109220954958438,0.24977698483497,0.372096804162021,0.0651378942556755,0.263517712865133,0.570600414078675,0.125408229915088,0.44233870967742,0.0384615384615383,NA,0.2379154081879,1997-11-01
0.220862400769786,NA,0.110711610486892,0.318020631850419,0.115696887686062,0.325750817722273,0.378019323671498,0.0746419320432726,0.271441889372281,0.634575569358178,0.153494448073154,0.477318548387098,0.0421496311907269,NA,0.260223640884303,1997-12-01
0.420375270627857,0.19584212112082,0.22936329588015,0.423436492585429,0.196211096075778,0.470933690157598,0.436392914653784,0.185300167606277,0.402734617775015,0.82608695652174,0.318092749836707,NA,0.136459430979979,NA,0.353435733651761,1998-01-01
0.551629781092134,NA,0.253483146067416,0.583494519664732,0.35356659578581,0.510481712756468,0.546520810107767,0.307767027274112,0.524549409571162,0.803830227743272,0.406270411495754,0.429435483870968,NA,NA,0.479184465948145,1998-02-01
0.626894394996392,NA,0.283535580524345,0.660863958736299,0.386274888845931,0.509128754088613,0.609067261241174,0.304281578546396,0.602237414543195,0.794685990338166,0.447419986936642,0.527822580645162,0.26027397260274,NA,0.501040530170421,1998-03-01
0.637478951166706,0.481068594958321,0.341573033707865,0.693745970341715,0.401991107674463,0.529735355337497,0.632416697634089,0.291006399512418,0.635954008701057,0.825828157349897,0.471587197909863,0.520665322580646,0.275026343519494,0.358620689655173,0.506906987860657,1998-04-01
0.725282655761367,NA,0.363955056179776,0.738233397807866,0.445273535665958,0.540350877192983,0.687383872166481,0.327136980039616,0.686761963952766,0.818633540372671,0.493141737426518,0.503225806451613,0.337197049525817,NA,0.555548039378619,1998-05-01
0.711751262929998,NA,0.388014981273408,0.764023210831721,0.472936400541272,0.503716919417188,0.709680416202155,0.313957031845192,0.715351149782473,0.797619047619049,0.509470934030046,0.476814516129033,0.374077976817703,NA,0.561451153951603,1998-06-01
0.669803945152755,NA,0.35625468164794,0.738394584139265,0.433887492750822,0.501115075825156,0.676235600148644,0.273007770836507,0.685674331883158,0.78209109730849,0.483997387328543,0.453629032258064,0.340885142255005,NA,0.532914678461196,1998-07-01
0.612701467404378,0.388671286532088,0.297917602996255,0.68936170212766,0.37583607191185,0.457924472197444,0.625325157933854,0.235791558738382,0.632566811684276,0.762939958592133,0.440888308295232,0.447983870967742,0.280295047418335,NA,0.480631024369202,1998-08-01
0.550276641808997,NA,0.256479400749064,0.640393294648614,0.32601971776532,0.441272673208446,0.576597918989223,0.205870028950175,0.580484773151025,0.752587991718428,0.403004572175049,0.405745967741936,0.244994731296101,NA,0.448643976016865,1998-09-01
0.49234223398284,NA,0.255730337078652,0.599129593810445,0.271602551710806,0.432252948756072,0.539049919484702,0.191299710498247,0.537134866376632,0.784937888198759,0.317439581972567,0.425907258064517,0.197049525816649,0.275862068965518,0.409210652670493,1998-10-01
0.482920375270628,0.270161695289746,0.270511860174782,0.574683000214914,0.259230620529673,0.546387154326495,0.513501796110492,0.205546244095687,0.506940128444169,0.85455486542443,0.344219464402351,0.490591397849463,0.221812434141201,NA,0.426235464328772,1998-11-01
0.566664662015877,NA,0.296179775280899,0.636041263700838,0.374186481087699,0.545346416889683,0.553140096618358,0.307290873076337,0.57775015537601,0.813871635610767,0.380796864794252,0.505376344086022,0.357744994731296,NA,0.492865796939003,1998-12-01
0.760464277122925,NA,0.477952559300874,0.811734364925854,0.487647399961338,0.629438001784122,0.798247243899418,0.438011072172279,0.734151646985706,0.894151138716357,0.40953625081646,0.600806451612904,0.512118018967334,NA,0.629521535522131,1999-01-01
0.906001924464758,NA,0.681048689138577,0.950354609929078,0.689464527353567,0.681683021112104,0.908026755852843,0.472706841383513,0.915848353014295,0.900414078674949,0.478772044415415,0.596774193548387,0.648050579557429,NA,0.73576213487041,1999-02-01
0.888411113783979,NA,0.678352059925094,0.949709864603482,0.658998646820027,0.68220338983051,0.899355877616748,0.412901874142922,0.918210068365445,0.87784679089027,0.641410842586544,0.534274193548388,0.757112750263435,0.688505747126437,0.737484093807945,1999-03-01
0.852978911073691,0.707040273174651,0.588464419475656,0.925854287556415,0.614382369998067,0.659307166220638,0.863433667781494,0.363096145055615,0.884400248601617,0.796066252587992,0.609405617243631,0.50554435483871,0.604847207586934,NA,0.690370840091931,1999-04-01
0.807373105605003,NA,0.516404494382023,0.81415215989684,0.512758554030543,0.642134998513234,0.795893719806764,0.313195185128752,0.80236171535115,0.836438923395447,0.593076420640104,0.492338709677419,0.543730242360379,NA,0.639154852398972,1999-05-01
0.74091893192206,NA,0.462352059925094,0.807350096711799,0.496810361492364,0.638180196253346,0.742196209587514,0.281807100411397,0.760099440646365,0.828416149068323,0.531678641410843,0.488407258064516,0.526343519494205,NA,0.608713330415652,1999-06-01
0.688447197498196,NA,0.400868913857678,0.762862669245648,0.455248405180746,0.60154623847755,0.680571039266691,0.255751942709127,0.708980733374767,0.799430641821946,0.464402351404311,0.449092741935485,0.377766069546891,NA,0.553747412026587,1999-07-01
0.617873466442146,0.392186401526564,0.347415730337079,0.707930367504836,0.397873574328243,0.525572405590248,0.635451505016723,0.224884453248007,0.650341827221877,0.776811594202899,0.426518615284128,0.435887096774195,0.327186512118019,NA,0.497379503814997,1999-08-01
0.554636757276882,NA,0.299925093632959,0.660219213410702,0.34834718731877,0.507359500446031,0.587049424005946,0.198765808319366,0.596643878185208,0.763198757763976,0.390594382756368,0.396673387096774,0.279768177028451,NA,0.465265130603453,1999-09-01
0.505773394274717,NA,0.295880149812734,0.629142488716956,0.315058959984535,0.495911388641095,0.55230397621702,0.181713139316369,0.563579863269111,0.770393374741202,0.370346178967995,0.366647465437788,0.26290832455216,0.322988505747127,0.433280554590678,1999-10-01
0.4880322347847,0.226473837501256,0.296779026217229,0.614442295293359,0.305045428184805,0.479779958370503,0.530959680416202,0.177681700441871,0.548477315102549,0.768115942028986,0.342259960809928,0.401713709677421,0.275553213909378,NA,0.419639561749091,1999-11-01
0.491039210969449,NA,0.331136079900125,0.622179239200516,0.318287260777112,0.497472494796313,0.52991452991453,0.210498247752552,0.55655686761964,0.81728778467909,0.36120182887002,0.446572580645162,0.275026343519494,NA,0.454764372387,1999-12-01
0.67356266538369,NA,0.447730337078652,0.729980657640232,0.418325923062053,0.599464763603926,0.668106651802304,0.320369241708568,0.664512119328776,0.852587991718427,0.445460483344219,0.514616935483871,0.380400421496312,NA,0.559593182637586,2000-01-01
0.730544864084677,NA,0.540973782771536,0.791908446163765,0.519621109607578,0.601962533452276,0.725473801560758,0.357534664025598,0.740832815413301,0.819616977225674,0.512083605486609,0.515793010752689,0.516332982086407,NA,0.614389882719239,2000-02-01
0.736107770026462,NA,0.54621722846442,0.816892327530625,0.533346220761647,0.612473981564081,0.749860646599777,0.349535273502971,0.770820385332505,0.844202898550725,0.523840627041149,0.526209677419355,0.506322444678609,0.539080459770115,0.619608457018649,2000-03-01
0.835488332932403,0.679923671788692,0.618191546281434,0.868600902643455,0.580591532959598,0.668847259391418,0.803325901151988,0.393570013713241,0.830329397141082,0.876811594202899,0.595035924232528,0.674827188940092,0.550579557428872,NA,0.690470986369823,2000-04-01
0.910813086360356,0.766797228080747,0.764644194756555,0.965506125080593,0.703653585926928,0.727475468331848,0.907794500185805,0.446670729849154,0.940646364201368,0.89648033126294,0.67472240365774,0.754032258064516,0.605374077976818,NA,0.774200796441182,2000-05-01
0.886657044342876,0.737839375983395,0.740764044943821,0.949065119277885,0.668896191764933,0.710476756863912,0.895136566332219,0.402940728325461,0.914232442510877,0.87292960662526,0.664924885695623,0.735383064516129,0.585879873551106,NA,0.751163515441038,2000-06-01
0.839547750781814,0.635331927287336,0.635775280898877,0.896067053513862,0.590798376184032,0.676479333928042,0.837606837606838,0.347668749047691,0.862274704785581,0.837267080745343,0.603527106466361,0.698790322580645,0.529504741833509,NA,0.691587635819995,2000-07-01
0.765876834255473,0.524756452746811,0.526441947565543,0.831399097356544,0.518267929634642,0.633288730300328,0.763447603121516,0.295825079993905,0.787600994406464,0.805900621118012,0.568256041802743,0.630040322580645,0.512644889357218,NA,0.627980503403065,2000-08-01
0.695012428834897,0.450771651434501,0.439101123595507,0.769503546099291,0.45764546684709,0.584894439488553,0.699925678186548,0.255371019350906,0.71519577377253,0.782867494824017,0.492488569562377,0.566532258064516,0.391991570073762,NA,0.561638540010346,2000-09-01
0.63170555689199,0.365948578889223,0.354367041198502,0.697227595099936,0.397177653199304,0.548617305976807,0.639725009290227,0.215831174767637,0.65208203853325,0.772463768115943,0.455911169170476,0.588373655913979,0.329293993677555,0.380459770114943,0.502084593631412,2000-10-01
0.731657445273033,0.522245656322186,0.4212734082397,0.752804642166344,0.44310844770926,0.666071959559918,0.678836863619473,0.332368327492508,0.700683654443754,0.879710144927537,0.516002612671456,0.744623655913979,0.345100105374078,NA,0.594960532593325,2000-11-01
0.941584475984284,0.822704295135751,0.701972534332085,0.962604771115409,0.724080159804111,0.741698879968284,0.896042363433668,0.42823403931129,0.909011808576756,0.935817805383024,0.653167864141084,0.825268817204301,0.301369863013698,NA,0.757196744415673,2000-12-01
0.984604281934087,0.977620434535168,0.87685393258427,0.994842037395229,0.829112700560603,0.846466448607395,0.975613154960981,NA,0.949502796768179,0.94824016563147,0.781188765512736,0.852318548387098,0.835089567966281,NA,0.904287736236958,2001-01-01
1,0.981972481671186,0.961148564294632,0.983558994197291,0.861685675623429,0.929170383586084,0.99732905982906,NA,0.995338719701679,1,0.853690398432397,0.826612903225807,0.933614330874605,0.855172413793104,0.936868763479175,2001-02-01
0.990648304065432,0.967158782765893,0.979825218476904,0.95889748549323,NA,0.987035385072853,0.976774433296173,NA,0.934586699813549,0.987750172532782,0.911169170476813,0.832661290322581,NA,NA,0.952650694231621,2001-03-01
0.994467163820063,0.955910414783569,0.954456928838952,0.952396303460133,0.898124879180359,1,0.977146042363434,NA,0.918582970789311,0.997515527950311,0.875244937949052,0.869758064516129,NA,0.903448275862069,0.941420959126115,2001-04-01
0.959526100553283,0.878109202905828,0.882097378277154,0.908929722759509,0.8066885752948,0.961121022896226,0.944955406911928,NA,0.872436295835923,0.962215320910974,0.875244937949052,0.78679435483871,NA,0.864367816091954,0.891873844602112,2001-05-01
0.906302622083234,0.752862307924073,0.782771535580524,0.916505480335267,0.71080610864102,0.910645257210824,0.903962281679673,NA,0.893101305158484,0.901311249137338,0.731548007838014,0.679435483870969,NA,0.7,0.815770969954952,2001-06-01
0.838545425386898,0.64100632720699,0.624569288389514,0.860219213410702,0.607268509568915,0.835712161760334,0.838535860274991,NA,0.842262274704786,0.871221532091099,0.652514696276943,0.592069892473118,0.629083245521602,0.616091954022989,0.726853875468375,2001-07-01
0.767861438537407,0.524254293461886,0.525093632958802,0.808188265635074,0.529248018557897,0.793041926851027,0.762286324786325,NA,0.772684897451833,0.839544513457557,0.581319399085564,0.554032258064517,0.572708113804004,0.466666666666667,0.653609980716812,2001-08-01
0.687494988373026,0.464873958019483,0.435505617977529,0.753492370513647,0.431123139377537,0.697710377639014,0.692493496841323,NA,0.703231821006837,0.810213940648724,0.515349444807315,0.547715053763441,0.418335089567967,0.449425287356322,0.585151121991705,2001-09-01
0.622804907385134,0.373003916842422,0.360299625468165,0.700193423597679,0.394161994973903,0.639845376152246,0.629784466740988,NA,0.639683032939714,0.795031055900622,0.425212279555845,0.566028225806452,0.342992623814542,0.395402298850575,0.529572556002176,2001-10-01
0.58780370459466,0.284724314552576,0.318202247191011,0.669084461637653,0.365841871254591,0.612994350282486,0.595178372352285,NA,0.607520198881293,0.787525879917185,0.403004572175049,0.551612903225807,0.296101159114858,0.37816091954023,0.496750381132283,2001-11-01
0.563306871942908,0.258444645308158,0.300434456928839,0.645132172791747,0.351478832398995,0.568242640499555,0.57172054998142,NA,0.581852082038533,0.774120082815736,0.390594382756368,0.536626344086022,0.287144362486828,0.357471264367817,0.475889899107917,2001-12-01
0.547871060861198,0.260369589233705,0.296629213483146,0.631528046421663,0.34051807461821,0.531816830211123,0.560804533630621,NA,0.567743940335612,0.765269151138716,0.378184193337687,0.502016129032258,0.271338250790306,0.336781609195403,0.460836201714588,2002-01-01
0.628337743565071,0.375991764587727,0.336229712858927,0.668439716312057,0.364875314131065,0.611259787887799,0.595062244518767,NA,0.612647607209447,0.834109730848862,0.399085564990202,0.548790322580645,0.276080084299263,0.362068965517242,0.508690658408237,2002-02-01
0.744226605725283,0.556894646982023,0.434906367041199,0.774468085106383,0.50411753334622,0.629021706809398,0.708379784466741,NA,0.723803604723431,0.83768115942029,0.480731548007838,0.597983870967742,0.390937829293993,0.437931034482759,0.601621828951792,2002-03-01
0.78361799374549,0.617555488600984,0.516704119850187,0.819632495164409,0.564082737289774,0.607270294380019,0.763912114455593,NA,0.771908017402114,0.814958592132506,0.505551926845199,0.593145161290322,0.441517386722866,0.459770114942529,0.635355880217076,2002-04-01
0.768101996632187,0.587024204077533,0.506816479400749,0.816569954867827,0.543108447709259,0.566161165625931,0.759150873281308,NA,0.780609073958981,0.799948240165632,0.532984977139124,0.587903225806452,0.503688092729188,0.488505747126437,0.633890190655432,2002-05-01
0.725583353379841,0.538147367011483,0.441737827715357,0.782720825274017,0.494915909530253,0.557835266131431,0.719249349684132,NA,0.725709550445411,0.786128364389235,0.49379490529066,0.557795698924731,0.467860906217071,0.424137931034483,0.593509019617546,2002-06-01
0.669112340630262,0.457165812995882,0.394456928838952,0.736137975499678,0.441523294026677,0.514540588760036,0.671242103307321,NA,0.681323803604723,0.765010351966874,0.450685826257347,0.522983870967742,NA,0.4,0.558681908071291,2002-07-01
0.616189559778686,0.374987446017877,0.315056179775281,0.690844616376531,0.390972356466267,0.478739220933691,0.626649015235972,NA,0.632846488502175,0.750258799171843,0.411495754408883,0.503225806451613,0.320337197049526,0.345977011494253,0.496736880897123,2002-08-01
0.561302221153076,0.314853871648087,0.268314606741573,0.641263700838169,0.336323216702107,0.457924472197444,0.579710144927537,NA,0.579738968303294,0.736438923395446,0.368386675375572,0.483870967741937,0.261854583772392,0.282758620689655,0.451749305652791,2002-09-01
0.514674043781574,0.251581801747515,0.244104868913858,0.597517730496454,0.294316644113667,0.428783823966697,0.539088628762542,NA,0.537445618396519,0.733695652173914,0.331156107119529,0.493548387096774,0.217070600632244,0.243678160919541,0.417435543701602,2002-10-01
0.561222035121482,0.288239429547052,0.296838951310862,0.597249086610789,0.28774405567369,0.481861433244129,0.52833519137867,NA,0.537973896830329,0.803726708074536,0.355976485956891,0.548790322580645,0.19968387776607,0.26896551724138,0.442815922410502,2002-11-01
0.781713575495149,0.595895684777879,0.448189762796505,0.752955082742316,0.445260648237644,0.639012786202796,0.682738758825716,NA,0.703791174642636,0.882505175983438,0.448073154800784,0.733870967741935,0.363540569020021,0.549425287356322,0.617459432971011,2002-12-01
0.97774837623286,0.896605403233906,0.874157303370787,0.929722759509993,0.796172433790837,0.80344930121915,0.946767001114827,NA,0.911124922311995,0.968737060041409,0.757021554539516,0.866935483870968,0.896733403582719,0.757471264367816,0.875588174398983,2003-01-01
0.977748376232861,0.900999296977001,0.904719101123595,0.960025789813024,0.812874540885366,0.835191793041928,0.954756596060944,NA,0.903293971410814,0.942443064182195,0.791639451338993,0.870564516129033,0.871443624868283,0.84367816091954,0.889952175614121,2003-02-01
0.938377034720552,0.808878176157477,0.811355805243446,0.948850204169353,0.743282427991494,0.810526315789475,0.925863991081383,NA,0.914481044126787,0.906418219461698,0.721097322011756,0.777217741935485,0.76290832455216,0.744827586206897,0.831852630265228,2003-03-01
0.894675647502205,0.712664457165813,0.707265917602997,0.924564796905222,0.654552484051807,0.776910496580435,0.879575436640654,NA,0.893101305158484,0.870859213250519,0.640757674722404,0.693548387096775,0.726554267650158,0.626436781609195,0.769343605072051,2003-04-01
0.834736588886216,0.618534699206588,0.620074906367042,0.885074145712444,0.584283781171467,0.729556943205472,0.824298587885544,NA,0.847886886264761,0.846273291925467,0.613977792292619,0.676209677419356,0.570600632244468,0.551724137931035,0.70794092850096,2003-05-01
0.771229251864326,0.517098523651702,0.521917602996255,0.825789813023856,0.51749468393582,0.64942016057092,0.754645113340766,NA,0.779614667495339,0.8120082815735,0.511430437622469,0.617271505376344,0.479452054794521,0.47816091954023,0.63350253967585,2003-06-01
0.695513591532355,0.43637641859998,0.431460674157304,0.757962604771115,0.455635028030157,0.582119139657053,0.683760683760684,NA,0.703045369794904,0.782608695652174,0.457870672762899,0.519354838709677,0.39567966280295,0.416091954022989,0.562883025711865,2003-07-01
0.615628257557533,0.362559003715979,0.364594257178527,0.705566301310982,0.400605709130743,0.541183467142433,0.619007803790412,NA,0.630826600372902,0.757556935817805,0.436969301110385,0.476142473118281,0.342465753424657,0.391954022988506,0.511158452819934,2003-08-01
0.54269906182343,0.303002912523853,0.270112359550561,0.616376531270148,0.319414910754559,0.481861433244127,0.558946488294315,NA,0.564947172156619,0.737836438923395,0.356629653821032,0.426612903225806,0.25131717597471,0.293103448275862,0.440220037679878,2003-09-01
0.488212653355785,0.231160657493891,0.251655430711611,0.578852353320438,0.28513435144017,0.44668450787987,0.511241174284653,NA,0.517091361093847,0.724844720496896,0.359895493141737,0.430645161290323,0.211801896733404,0.25632183908046,0.40719550771716,2003-10-01
0.437615267420416,0.190946068092799,0.230048154093099,0.536320653341929,0.247825246472066,0.419417187035385,0.475752508361204,0.139113210422063,0.475077688004972,0.724844720496894,0.314826910516002,0.444556451612904,0.192834562697577,0.263218390804598,0.363742644240851,2003-11-01
0.407385133509743,0.153911820829567,0.224369538077404,0.513346228239845,0.225517108061086,0.437109723461196,0.457915273132665,NA,0.450466128029832,0.748033126293998,0.341606792945786,0.48225806451613,0.181243414120127,0.237931034482759,0.373930260438472,2003-12-01
0.403536203993265,0.163201767600683,0.249737827715356,0.520825274016763,0.238971583220568,0.532857567647934,0.457264957264958,NA,0.455811062771908,0.795652173913044,0.317439581972567,0.503225806451613,0.174394099051633,0.286206896551724,0.392240369397847,2004-01-01
0.505171999037768,0.308953500050216,0.269113607990013,0.595314850633999,0.320510342161221,0.570324115373179,0.525191998018085,NA,0.533146882121401,0.806590752242927,0.389288047028086,0.550403225806452,0.236564805057956,0.339080459770115,0.457665737330109,2004-02-01
0.663338946355545,0.476750025107964,0.316734082397004,0.681366860090264,0.422617436690508,0.518287243532561,0.617149758454107,0.2991010208746,0.622747047855811,0.784057971014493,0.457870672762899,0.535080645161291,0.285563751317176,0.357471264367817,0.50272405185586,2004-03-01
0.671758479672841,0.498142010645777,0.339985018726592,0.706254029658284,0.436922482118693,0.495391019922689,0.638517279821628,NA,0.648477315102548,0.787163561076605,0.43435662965382,0.527822580645162,0.318756585879874,0.373563218390804,0.529008477793486,2004-04-01
0.676689920615828,0.505172240634729,0.351610486891386,0.71899849559424,0.447451511050969,0.476657746060067,0.649944258639911,NA,0.662771908017403,0.79896480331263,0.459830176355323,0.572244623655915,0.337723919915701,0.424137931034483,0.544784463213737,2004-05-01
0.680057733942748,0.503038063673797,0.336629213483146,0.716441005802707,0.451150202976996,0.462087421944694,0.654403567447046,NA,0.665941578620261,0.767080745341616,0.429784454604833,0.544354838709678,0.32349841938883,0.358620689655173,0.53023753350704,2004-06-01
0.644334856867934,0.461358843025008,0.306666666666667,0.684074790457769,0.394935240672724,0.451680047576569,0.629598662207358,NA,0.640304536979491,0.749223602484474,0.447419986936642,0.535080645161291,0.294520547945205,0.333333333333334,0.505579366178036,2004-07-01
0.588465239355304,0.382243647685045,0.268314606741573,0.650762948635289,0.354339841484631,0.395480225988702,0.58511396011396,NA,0.592189765900145,0.739993098688752,0.365120836054865,0.51209677419355,0.265015806111696,0.295402298850575,0.461118388446468,2004-08-01
0.532956458984845,0.298910314351712,0.249737827715356,0.604900064474533,0.306108641020684,0.418376449598574,0.539204756596061,NA,0.543816034804227,0.726708074534163,0.330502939255389,0.518145161290323,0.256585879873551,0.272413793103449,0.430643568892528,2004-09-01
0.483040654318018,0.250954102641358,0.237752808988764,0.565570599613153,0.265339261550357,0.416294974724948,0.496314876749659,NA,0.503211104205511,0.732746721877157,0.341606792945786,0.565322580645162,0.184404636459431,0.240229885057472,0.406368384598213,2004-10-01
0.452610055328362,0.21040474038365,0.22996254681648,0.545325596389426,0.245621496230427,0.435028248587572,0.474916387959867,0.141017827213165,0.480422622747048,0.749896480331263,0.335728282168517,0.603830645161291,0.171232876712328,0.249425287356322,0.380387363813265,2004-11-01
0.446435730895678,0.213668775735663,0.22936329588015,0.534278959810874,0.247374186481087,0.441272673208446,0.468753870927784,NA,0.47006422208411,0.734989648033127,0.331156107119529,0.604838709677419,0.175447839831402,0.258620689655172,0.396635746872342,2004-12-01
0.469088284820784,0.290499146329215,0.243745318352061,0.54996776273372,0.261163734776725,NA,0.480211817168339,NA,0.487259167184586,0.749482401656316,0.344219464402351,0.578629032258065,0.189146469968388,0.263218390804598,0.408885915871262,2005-01-01
0.520206879961511,0.332094673763851,0.252734082397004,0.574468085106383,0.29441329982602,0.414213499851324,0.509476031215162,NA,0.512119328775637,0.733954451345756,0.365120836054865,0.562500000000001,0.210221285563751,0.265517241379311,0.426695361172352,2005-02-01
0.531633389463556,0.382477988684678,0.251535580524345,0.588652482269503,0.307171853856563,0.399643175735951,0.527127461910071,NA,0.527035425730267,0.726708074534163,0.367080339647289,0.518145161290323,0.21654373024236,0.258620689655172,0.430951950272634,2005-03-01
0.526822227567958,0.37724716280004,0.254531835205993,0.593165699548678,0.302145756814228,0.414213499851324,0.52991452991453,0.248438214231296,0.532007458048478,0.736024844720497,0.365774003919007,0.566532258064516,0.209167544783983,0.262068965517241,0.422718142927698,2005-04-01
0.538248737070003,0.372803053128452,0.249737827715356,0.595099935525467,0.302145756814228,0.387154326494202,0.533166109253066,NA,0.533871970167806,0.727743271221532,0.359895493141737,0.540322580645161,0.209694415173867,0.254022988505747,0.431069728065894,2005-05-01
0.534038970411354,0.369212614241237,0.237153558052435,0.580915538362347,0.28552097428958,0.378828426999703,0.525269416573764,NA,0.522063393412057,0.710144927536232,0.342259960809928,0.518145161290323,0.201264488935722,0.224137931034483,0.417611950919167,2005-06-01
0.49915804666827,0.336781493756486,0.223970037453184,0.560928433268859,0.268122946066112,0.343443354148083,0.507617985878856,NA,0.503418272218769,0.699792960662527,0.323971260613977,0.497983870967743,0.133298208640674,0.206896551724138,0.392721801697514,2005-07-01
0.458263170555689,0.282816109269861,0.206591760299626,0.527401676337847,0.232167021070945,0.32471008028546,0.478818283166109,NA,0.470478558110628,0.684265010351967,0.29523187459177,NA,0.160695468914647,0.19080459770115,0.359353634221308,2005-08-01
0.410752946836661,0.208563489672257,0.182621722846442,0.488716956802063,0.202397061666344,0.303895331549212,0.459773318468971,NA,0.433188315724052,0.658385093167702,0.26518615284128,0.477822580645162,0.135405690200211,0.171264367816092,0.33830561755665,2005-09-01
0.374669232619678,0.159310033142513,0.162247191011237,0.455190199871051,0.180359559249951,0.28516205768659,0.446767001114827,NA,0.40211311373524,0.638716356107661,0.238406270411495,NA,0.114330874604847,0.155172413793104,0.301037025279016,2005-10-01
0.344599470772192,0.121522546951893,0.152659176029963,0.431334622823984,0.164508022424125,0.276836158192092,0.43701226309922,0.10102087460003,0.379117464263518,0.654244306418221,0.221423905943828,0.518145161290323,0.0990516332982088,0.165517241379311,0.290499489106208,2005-11-01
0.331368775559298,0.102691573767199,0.15625468164794,0.398452611218569,0.154842451188865,0.343443354148083,0.423541434411,NA,0.363579863269111,0.68840579710145,0.213585891574134,0.497983870967743,0.0900948366701792,0.170114942528736,0.302643083388639,2005-12-01
0.331368775559298,0.11436677714171,0.161647940074907,0.413926499032882,0.163348153875894,0.318465655664586,0.421683389074694,NA,0.359850839030453,0.684265010351967,0.227302416721097,0.475806451612903,0.0964172813487885,0.175862068965517,0.303408558342669,2006-01-01
0.358431561222036,0.185631548994007,0.173033707865169,0.42682140554481,0.183065919195824,0.343443354148083,0.429115570419918,NA,0.372280919825979,0.701863354037267,0.242325277596342,0.381048387096774,0.109589041095891,0.183908045977012,0.314658314847624,2006-02-01
0.398725042097666,0.242375548190553,0.190411985018727,0.452611218568665,0.203170307365165,0.378828426999703,0.441657376439985,NA,0.395898073337476,0.733954451345756,0.264532984977139,0.475806451612903,0.123814541622761,0.203448275862069,0.346556514110659,2006-03-01
0.433605965840751,0.298031535603093,0.2,0.484848484848484,0.229847283974483,0.360095153137081,0.461631363805277,0.234724973335365,0.428837787445618,0.718426501035197,0.293925538863488,0.508064516129033,0.146996838777661,0.214942528735633,0.358141319395083,2006-04-01
0.451046427712293,0.322787988349904,0.201797752808989,0.495809155383623,0.23641987241446,0.355932203389831,0.468599033816425,NA,0.440024860161591,0.714285714285715,0.297191378184193,0.534274193548388,0.15595363540569,0.208045977011494,0.375551399420969,2006-05-01
0.458864565792639,0.314226172541931,0.197003745318353,0.493230174081238,0.223274695534506,0.36425810288433,0.470921590486808,NA,0.441267868241144,0.70600414078675,0.291966035271065,0.483870967741937,0.148050579557429,0.21264367816092,0.369660178184542,2006-06-01
0.451046427712293,0.293763181681229,0.17303370786517,0.488072211476467,0.215928861395708,0.308058281296463,0.467670011148272,NA,0.437538844002486,0.657349896480332,0.268451992161986,0.288306451612903,0.134351949420443,0.179310344827586,0.33560632008318,2006-07-01
0.419773875390907,0.261122828161092,0.155655430711611,0.459703417150225,0.190025130485211,0.274754683318466,0.455592716462281,NA,0.411435674331883,0.627329192546584,0.235793598954931,0.389112903225806,0.113277133825079,0.165517241379311,0.319930294303338,2006-08-01
0.401732018282416,0.200763282113086,0.139475655430712,0.425531914893617,0.165667890972356,0.264347308950343,0.441657376439985,NA,0.377874456183965,0.60351966873706,0.209013716525147,0.46975806451613,0.0937829293993675,0.0321839080459771,0.294254476191551,2006-09-01
0.341592494587443,0.162097017173847,0.138876404494383,0.401031592520954,0.15020297699594,0.251858459708594,0.429580081753995,NA,0.354257302672468,0.625258799171844,0.191378184193337,0.550403225806452,0.0790305584826129,0.155172413793104,0.294672270104229,2006-10-01
0.34760644695694,0.157552475645275,0.144269662921348,0.392005157962605,0.146336748501836,0.32471008028546,0.422612411742847,0.131113819899436,0.343070229956495,0.657349896480332,0.195950359242325,0.612903225806453,0.0742887249736567,0.173563218390805,0.294523747054701,2006-11-01
0.406543180178012,0.298031535603093,NA,NA,NA,NA,NA,NA,NA,NA,NA,0.721774193548388,NA,NA,0.475449636443165,2006-12-01
0.754149627134953,0.585099260151987,0.291985018726592,0.584139264990328,0.32418325923062,0.566161165625929,0.554069119286511,NA,0.526724673710379,0.856107660455488,0.372958850424559,0.8125,0.199420442571127,0.311494252873563,0.518384045783234,2007-01-01
0.82751984604282,0.801697298383047,0.46247191011236,0.800773694390716,0.53643920355693,0.624442462087422,0.766350798959495,NA,0.760099440646364,0.870600414078675,0.537557152188112,0.806451612903226,0.413066385669125,0.475862068965517,0.667948637537216,2007-02-01
0.930959826798172,0.83986140403736,NA,NA,NA,NA,NA,0.482325156178577,NA,NA,NA,0.836693548387098,NA,NA,0.772459983850302,2007-03-01
0.86901611739235,0.820277191925279,0.643445692883896,0.916827852998066,0.644500289967137,0.681683021112104,0.885033444816054,NA,0.887507768800498,0.865942028985509,0.649248856956237,0.774193548387097,0.634351949420443,0.585057471264368,0.758237325762234,2007-04-01
0.822708684147222,0.68966556191624,NA,NA,NA,NA,NA,NA,NA,NA,NA,0.711693548387097,NA,NA,0.741355931483519,2007-05-01
0.770086600914121,0.575725620166717,0.514606741573034,0.842037395228884,0.521360912429925,0.661909009812668,0.777499070977332,NA,0.802983219390927,0.845755693581781,0.569562377531025,0.622983870967743,0.485774499473129,0.487356321839081,0.652126256452797,2007-06-01
0.772792879480395,0.52362659435573,0.434307116104869,0.790135396518375,0.484438430311231,0.641094261076421,0.721757710888146,NA,0.74425108763207,0.831262939958593,0.522534291312867,0.683467741935484,0.403055848261328,0.442528735632184,0.615019464112899,2007-07-01
0.822708684147222,0.598071708345887,0.602696629213483,0.892972275950999,0.635414653005992,0.716027356526912,0.829988851727982,NA,0.856432566811685,0.879917184265011,0.639451338994121,0.877016129032258,0.585879873551106,0.562068965517241,0.7306650936223,2007-08-01
0.80586961751263,0.610625690469017,0.489737827715357,0.817214700193423,0.524260583800502,0.659827534939043,0.749860646599777,1,0.775326289620883,0.836956521739132,0.563030698889614,0.733870967741935,0.403055848261328,0.476436781609196,0.674719550649417,2007-09-01
0.76016357950445,0.539151685581333,0.452284644194757,0.791747259832366,0.503189638507635,0.603627713351176,0.717577108881457,NA,0.743318831572405,0.816770186335404,0.546701502286087,0.741935483870968,0.461011591148577,0.458620689655172,0.625853839593984,2007-10-01
0.711450565311523,0.471527568544742,NA,NA,NA,NA,NA,0.238153283559348,NA,NA,NA,NA,0.381981032665964,0.397701149425287,0.440162719901373,2007-11-01
0.67296127014674,0.439891533594456,0.392359550561798,0.742101869761444,0.453315290933694,0.603627713351176,0.666945373467113,0.261389608410788,0.686761963952766,0.818840579710145,0.502939255388635,0.723790322580646,0.340885142255005,0.380459770114943,0.549019231730668,2007-12-01
0.774597065191243,0.540825549864417,0.424419475655431,0.780141843971631,0.508215735549971,0.64525721082367,0.711538461538462,0.375666615876885,0.728402734617775,0.848861283643893,0.5421293272371,0.768145161290323,NA,0.460919540229886,0.623778461960822,2008-01-01
0.86901611739235,0.750728130963142,0.605093632958802,0.900064474532559,0.572781751401508,0.672316384180792,0.851356373095504,0.445756513789426,0.865133623368553,0.853002070393376,0.644676681907249,0.586693548387097,NA,0.541379310344828,0.704461431747322,2008-02-01
0.877435650709647,0.735261624987446,0.621273408239701,0.907801418439716,0.618789870481345,0.699375557537913,0.85042735042735,0.38099954289197,0.873213175885644,0.879917184265011,0.649902024820379,0.717741935483871,0.599051633298209,0.546551724137931,0.711267292971867,2008-03-01
0.87021890786625,0.701349134612166,0.616479400749064,0.870406189555125,NA,0.676479333928041,0.844388703084355,0.390522626847478,0.843380981976383,0.864389233954453,0.62116263879817,NA,0.592202318229716,0.541379310344828,0.702696564995502,2008-04-01
0.84856867933606,0.66134377824646,0.588913857677903,0.883301096067053,0.599458728010825,NA,0.826737272389447,0.358905988115191,0.848353014294593,0.854037267080746,0.630306988896146,0.741935483870968,0.570073761854584,0.533333333333333,0.688097634551793,2008-05-01
0.808876593697378,0.599578186200663,0.537378277153558,0.852353320438426,0.551904117533346,0.697294082664288,0.787253808992939,0.326527502666463,0.814170292106899,0.86231884057971,0.598954931417374,0.677419354838709,0.510537407797682,0.506896551724138,0.652247376272255,2008-06-01
0.766778927110897,0.573064175956614,0.489438202247191,0.813668600902643,0.525227140924028,0.643175735950046,0.747305834262356,0.320432728934938,0.771286513362337,0.82608695652174,0.562377531025473,0.711693548387097,0.468914646996839,0.467816091954023,0.620519045324016,2008-07-01
NA,0.52174349703726,0.409737827715356,0.727272727272727,0.470326696307752,0.576568539994054,0.687848383500557,0.283864086545787,0.692355500310753,0.799171842650104,0.512083605486609,0.713709677419356,0.407797681770285,0.419540229885058,0.555540022761204,2008-08-01
0.650108251142651,0.437004117706136,0.349812734082397,0.710509348807221,0.421612217282041,0.551590841510558,0.639539204756596,0.250342831022398,0.654443753884401,0.799171842650104,0.474853037230568,0.711693548387097,0.338250790305585,0.37816091954023,0.526220959879142,2008-09-01
NA,0.391014696528405,0.300674157303371,0.666666666666667,0.379856949545718,0.512042818911686,0.590301003344482,0.227106506170958,0.603480422622747,0.780538302277434,0.446766819072501,0.685483870967743,0.29768177028451,0.345977011494253,0.479045461168498,2008-10-01
NA,0.346791202169328,0.310262172284645,0.658284977433913,0.364778658418712,0.586975914362177,0.57032701597919,NA,0.589807333747669,0.834368530020704,0.453298497713912,0.764112903225808,0.284510010537408,0.349425287356322,0.509411875270816,2008-11-01
0.550276641808997,0.358290649794115,0.340823970037453,0.662153449387491,0.409626908950319,0.566161165625931,0.581010776662951,NA,0.594779366065879,0.827122153209111,0.486610058785108,0.733870967741935,0.289251844046365,0.372413793103448,0.5209532111707,2008-12-01
0.605605003608372,0.607487194938234,0.398951310861423,0.705996131528046,NA,0.570324115373179,0.634429580081754,NA,0.643878185208204,0.84472049689441,0.443500979751796,0.715725806451614,0.342465753424657,0.393103448275862,0.575515667199796,2009-01-01
0.671157084435891,0.649543035050718,0.501423220973783,0.777562862669246,NA,0.678560808801667,0.746376811594203,NA,0.737725295214419,0.894409937888199,0.589157413455258,0.824596774193549,0.406217070600632,0.480459770114943,0.663099173749376,2009-02-01
0.82511426509502,0.707341568745606,0.593707865168539,0.855577047066408,0.626135704620143,0.651501635444544,0.804440728353772,NA,0.816656308266004,0.861283643892341,0.63291966035271,0.782258064516129,0.576923076923077,0.56551724137931,0.715336677678739,2009-03-01
0.784820784219389,0.641926952562686,NA,0.829142488716957,NA,NA,0.775176514306949,0.329955812890446,0.789310130515849,0.829192546583852,NA,0.752016129032259,0.567966280295047,0.560919540229885,0.686042717935332,2009-04-01
0.711450565311523,0.551119815205383,0.438801498127341,0.805931656995487,0.522520780978155,0.551590841510558,0.738480118914902,NA,0.761342448725917,0.812629399585923,0.54833442194644,0.695564516129033,NA,NA,0.648887823948242,2009-05-01
0.656964156843878,0.480691975494627,0.43310861423221,NA,NA,0.614035087719299,NA,NA,NA,0.799171842650104,0.480731548007838,0.705645161290323,0.412539515279242,0.426436781609195,0.556591631458524,2009-06-01
0.620184796469745,0.391684242241639,0.34681647940075,NA,NA,0.520368718406185,NA,NA,NA,NA,0.472240365774003,NA,0.330347734457324,0.357471264367817,0.434159085873923,2009-07-01
0.557168039688142,0.224130427504938,0.335430711610488,0.655705996131528,0.3048521167601,0.603627713351176,0.585655890003717,0.191680633856468,0.594779366065879,0.751552795031057,0.377531025473547,NA,0.266069546891465,NA,0.454015355197375,2009-08-01
NA,0.165210404740384,0.292284644194756,NA,NA,0.57448706512043,NA,NA,NA,NA,0.34944480731548,0.604838709677419,NA,0.164367816091955,0.358438907856737,2009-09-01
0.445633870579745,0.140227980315355,0.253333333333334,NA,NA,0.391317276241452,NA,NA,NA,0,0.284781188765513,NA,0.190200210748156,0.232183908045977,0.242209721003691,2009-10-01
0.393913880202069,0.168223360449934,0.249737827715356,0.504190844616377,0.226367678329789,0.395480225988702,0.459308807134895,NA,0.443132380360472,NA,0.331809274983671,0.633064516129032,0.164383561643835,0.210344827586207,0.348329765428362,2009-11-01
0.413759923021409,0.166967962237622,NA,NA,NA,0.666071959559918,NA,NA,NA,NA,NA,NA,0.142781875658588,0.217241379310345,0.321364619957576,2009-12-01
0.592374308395478,0.298157075424325,0.263520599250937,NA,NA,0.586975914362177,NA,NA,NA,0.853002070393376,0.376224689745264,0.737903225806452,0.215489989462592,NA,0.490455984105075,2010-01-01
0.678975222516238,0.531451909879147,0.367790262172285,0.750483558994197,0.522134158128745,0.657746060065419,0.688312894834634,NA,0.695463020509634,NA,0.506858262573481,NA,0.398840885142255,0.313793103448276,0.555622667114937,2010-02-01
NA,0.674232533226206,NA,NA,0.527546878020491,0.699375557537913,NA,NA,NA,NA,0.56041802743305,NA,0.486828240252898,0.521839080459771,0.578373386155055,2010-03-01
0.858191003127255,0.73114391885106,0.497827715355806,NA,NA,0.678560808801667,NA,NA,NA,0.728778467908904,0.643370346178967,0.806451612903226,NA,0.551724137931035,0.68700600138224,2010-04-01
NA,0.699382344079542,0.487640449438202,0.894906511927788,0.659385269669437,0.641094261076421,NA,NA,NA,NA,0.629000653167864,NA,NA,0.509195402298851,0.645800698808301,2010-05-01
NA,0.594682133172642,0.38936329588015,NA,NA,0.591138864109427,NA,0.243867133932652,NA,NA,0.556499020248203,NA,NA,0.435632183908047,0.468530438541854,2010-06-01
0.69521289391388,0.496007833684845,NA,NA,NA,0.578650014867678,0.682274247491639,NA,NA,0.628364389233955,0.489875898105813,0.618951612903226,NA,0.405747126436782,0.574385502079727,2010-07-01
NA,0.434869940745204,NA,NA,NA,0.53077609277431,NA,0.163111381989944,NA,NA,0.555192684519922,NA,NA,0.350574712643679,0.406904962534612,2010-08-01
NA,0.334940243045094,0.190411985018727,0.62669245647969,0.324569882080031,0.474576271186441,NA,NA,NA,NA,0.375571521881123,NA,NA,0.274712643678161,0.37163928619561,2010-09-01
0.508780370459466,0.270998627431288,0.164644194756554,NA,0.297892905470713,0.428783823966697,0.527591973244148,NA,NA,0.587474120082817,0.338340953625081,0.645161290322581,NA,0.252873563218391,0.402254182257774,2010-10-01
NA,0.214673094305514,NA,NA,0.255364392035569,0.424620874219448,NA,NA,NA,NA,0.299804049640757,NA,NA,0.241379310344828,0.287168344109223,2010-11-01
NA,0.206764085567942,0.122097378277154,0.500967117988394,0.222501449835685,0.432946773713947,0.452805648457823,NA,0.437538844002486,NA,NA,NA,NA,0.14367816091954,0.314912432345371,2010-12-01
0.395116670675969,0.15905895350005,0.18621722846442,NA,0.234486758167408,0.295569432054714,NA,0.261389608410788,NA,0.760869565217392,0.276943174395819,0.580645161290323,NA,0.152873563218391,0.330317011539527,2011-01-01
NA,0.166591342773928,0.204794007490637,NA,0.280494877247245,0.366339577757956,NA,NA,NA,NA,0.346832135858916,NA,0.185458377239199,0.262068965517241,0.258939897697875,2011-02-01
NA,NA,0.218576779026218,0.617021276595745,0.349700367291707,0.36425810288433,0.545707915273133,0.239296053634009,0.55313859540087,NA,0.387328543435662,0.637096774193549,NA,0.217241379310345,0.412936578704557,2011-03-01
0.58636035602598,0.417294365772823,0.23056179775281,NA,0.375217475352793,0.310139756170087,NA,NA,NA,0.763975155279504,0.394513389941214,NA,1,0.298850574712644,0.486323652334206,2011-04-01
NA,0.422567038264538,0.222172284644195,NA,0.312197950898898,0.151947665774607,NA,NA,NA,NA,0.386348791639451,NA,0.255005268703899,0.281609195402299,0.290264027903984,2011-05-01
NA,0.367279300994275,0.166441947565543,0.611218568665377,0.326502996327083,0.112399643175737,0.546636937941286,NA,0.549409571162212,NA,0.350751143043762,0.58467741935484,0.226027397260274,0,0.349213175044581,2011-06-01
0.514192927592013,0.299035854172944,0.136479400749064,NA,0.270442683162575,0.0832589949449908,NA,NA,NA,0.628364389233955,0.346832135858916,NA,0.185458377239199,0.193103448275863,0.295240912358835,2011-07-01
NA,0.239027819624384,0.108314606741573,NA,0.225981055480379,0.0770145703241164,NA,NA,NA,NA,0.300457217504898,NA,0.145943097997893,0.164367816091955,0.180158026252171,2011-08-01
NA,0.178266546148438,0.123895131086143,0.468085106382979,0.193118113280495,0.158192090395481,0.446302489780751,0.146731677586469,0.410814170292107,NA,0.222077073807968,0.546370967741936,0.121707060063224,0.15632183908046,0.264323522137204,2011-09-01
0.36985807072408,0.129891868367313,0.0645692883895131,NA,0.174560216508795,0.0104073743681246,NA,NA,NA,0.654244306418221,0.18680600914435,NA,NA,0.129885057471265,0.215027773923958,2011-10-01
NA,0.0793411670181781,0.0867415730337082,0.407479045776918,0.154455828339455,0.116562592922986,0.421218877740617,0.10102087460003,0.353635798632691,NA,0.199869366427172,NA,0.0800842992623816,0.0505747126436787,0.186453103308892,2011-11-01
NA,0.0543587425931511,0.126292134831461,NA,0.138217668664218,0,NA,NA,NA,NA,0.176355323318093,NA,0.0669125395152794,0.114942528735632,0.0967255625225477,2011-12-01
NA,0.0348163770881461,0.0352059925093636,NA,0.127392228880726,0.022896223609872,NA,NA,NA,0.630434782608696,0.173089483997387,0.562500000000001,0.0579557428872498,0.129885057471265,0.19713065433919,2012-01-01
NA,0.0325148136989057,0.0759550561797752,0.358478401031593,0.135897931567755,0.149866190900983,0.389167595689335,NA,0.307022995649472,NA,0.183540169823645,NA,0.0547945205479452,0.0505747126436787,0.173781238773309,2012-02-01
NA,0.07080445917445,0.0813483146067417,NA,0.152136091242992,0.16235504014273,NA,NA,NA,NA,0.152188112344873,NA,0.0605900948366701,0.135632183908047,0.116436328036643,2012-03-01
0.284459947077219,0.112609219644472,0.0927340823970037,NA,0.166441136671177,0.129051442164735,NA,0.145207984153588,NA,0.606625258799172,0.202482037883736,0.536290322580646,0.0716543730242356,0.0356321839080462,0.216653453482185,2012-04-01
NA,0.207015165210405,0.110711610486892,0.431334622823984,0.185772279141697,0.141540291406482,0.431902638424378,NA,0.376631448104413,NA,0.254735467015022,NA,0.0916754478398315,0.201149425287356,0.243246839574046,2012-05-01
NA,0.333935924475243,0.183820224719102,NA,0.266963077517881,0.339280404400833,NA,NA,NA,NA,0.326583932070542,NA,0.139620653319283,0.250574712643679,0.262968418449509,2012-06-01
0.514794322828963,0.435572963744099,0.21438202247191,NA,0.345447515948192,0.270591733571217,NA,0.278912082888922,NA,0.81055900621118,0.404964075767472,0.737903225806452,0.221285563751317,0.31264367816092,0.413368744650059,2012-07-01
NA,NA,0.222172284644195,0.659574468085106,NA,0.233125185845972,0.588442958008175,NA,0.596022374145432,NA,0.393207054212932,NA,0.253424657534246,0.317241379310345,0.407901295223301,2012-08-01
NA,0.430978206287035,0.218576779026218,NA,NA,0.212310437109724,NA,NA,NA,NA,0.38602220770738,NA,0.257112750263435,0.300000000000001,0.300833396732299,2012-09-01
0.566514313206639,0.386160490107462,0.204194756554307,NA,0.28513435144017,0.212310437109724,NA,0.236248666768246,NA,0.786749482401657,0.364467668190725,0.683467741935484,0.236037934668072,0.290804597701149,0.38655367637124,2012-10-01
NA,0.432693917177195,0.198202247191012,NA,0.390682389329209,0.270591733571217,NA,NA,NA,NA,0.395819725669497,NA,0.247102212855638,0.332183908045977,0.323896590548535,2012-11-01
NA,0.70483077232098,0.272209737827716,NA,0.559249951672144,0.299732381801964,NA,NA,NA,NA,0.452645329849771,NA,0.331664910432034,0.37816091954023,0.428356286206406,2012-12-01
NA,0.913427739278899,0.676404494382023,0.920051579626047,NA,0.537020517395184,0.962839093273876,NA,0.968303293971411,NA,0.710646636185499,NA,0.76290832455216,0.673563218390805,0.791684988561767,2013-01-01
NA,0.931631013357437,0.726142322097379,NA,0.750628262130292,0.614035087719299,NA,NA,NA,NA,0.738079686479425,NA,0.78609062170706,0.719540229885058,0.752306746196564,2013-02-01
NA,0.910791403033042,0.740524344569289,NA,0.769959404600812,0.699375557537913,NA,NA,NA,NA,0.752449379490529,NA,0.808219178082192,0.762068965517241,0.777626890404431,2013-03-01
NA,0.883047102540926,0.78187265917603,NA,NA,0.620279512340174,NA,NA,NA,NA,0.78967994774657,NA,0.842992623814541,0.771264367816092,0.781522702239056,2013-04-01
NA,0.777217033242945,0.691385767790263,NA,NA,0.676479333928041,NA,NA,NA,0.800207039337475,0.748530372305682,0.850806451612904,0.72813487881981,0.688505747126437,0.745158328020445,2013-05-01
NA,0.671638043587426,0.611086142322098,NA,0.641600618596559,0.60154623847755,NA,NA,NA,NA,0.607446113651208,NA,0.671232876712329,0.635632183908046,0.634311745322174,2013-06-01
NA,0.566268286967292,0.49183520599251,NA,NA,0.503716919417188,NA,NA,NA,NA,0.567602873938602,NA,0.55163329820864,0.529885057471265,0.535156940332583,2013-07-01
NA,0.469853704261659,0.357003745318353,NA,NA,0.376746952126079,NA,0.254913911321042,NA,0.821946169772257,0.471587197909863,0.596774193548387,0.417281348788198,0.420689655172414,0.465199653135361,2013-08-01
NA,0.385407251180074,0.28749063670412,NA,NA,0.337198929527209,NA,NA,NA,NA,0.429131286740692,NA,0.351949420442571,0.373563218390804,0.360790123830912,2013-09-01
0.556891989415444,0.308325800944059,0.222771535580524,NA,NA,0.283080582812965,NA,0.199680024379095,NA,0.776397515527951,0.386675375571522,0.612903225806453,0.290832455216017,0.328735632183909,0.396629413743794,2013-10-01
NA,0.259616350306317,0.189213483146067,0.600902643455835,0.307171853856563,0.120725542670236,0.517372723894463,NA,0.535114978247359,NA,0.357935989549313,NA,0.244467860906217,0.516091954022989,0.364861338005536,2013-11-01
NA,0.236349636771451,0.177228464419476,NA,NA,0.241451085340471,NA,NA,NA,NA,0.354670150228608,NA,0.211801896733404,0.277011494252874,0.249752121291047,2013-12-01
0.786624969930238,0.61087677011148,0.454681647940075,NA,NA,0.528694617900686,NA,0.475087612372391,NA,0.985507246376813,0.615937295885042,0.943548387096774,0.489989462592203,0.506896551724138,0.639784456192984,2014-01-01
NA,0.965777844732349,0.898127340823971,NA,NA,0.69313113291704,NA,NA,NA,NA,0.858915741345525,NA,0.855110642781876,0.833333333333333,0.850732672655682,2014-02-01
NA,1,1,1,1,0.87838239666964,1,NA,1,NA,1,NA,NA,1,0.986486932963293,2014-03-01
NA,0.91644069498845,0.793857677902622,NA,NA,0.774308652988405,NA,0.53184519274722,NA,0.987577639751554,0.886348791639451,1,0.852476290832455,0.780459770114943,0.8359238567739,2014-04-01
0.91291796968968,0.783569348197248,0.644044943820225,NA,NA,0.720190306274161,NA,NA,NA,NA,0.747877204441542,NA,0.726027397260274,0.755172413793103,0.755685654782319,2014-05-01
NA,0.654213116400522,0.594906367041199,NA,NA,0.639012786202796,NA,NA,NA,NA,0.650555192684519,NA,0.642781875658588,0.671264367816092,0.642122284300619,2014-06-01
NA,0.562041779652505,0.53438202247191,NA,NA,0.591138864109427,NA,0.31167149169587,0.835301429459292,0.875776397515529,0.583932070542129,0.804435483870968,0.587460484720759,0.604597701149426,0.629073772518782,2014-07-01
0.734303584315613,0.486968966556191,0.398352059925094,NA,NA,NA,NA,NA,NA,0.835403726708076,0.495754408883082,NA,0.448366701791359,0.485057471264368,0.554886702777683,2014-08-01
NA,0.40885808978608,0.314456928838951,NA,NA,0.420457924472198,NA,NA,NA,NA,0.443500979751796,NA,0.370389884088514,0.422988505747127,0.396775385447444,2014-09-01
0.58636035602598,0.337827658933413,0.253333333333334,NA,NA,0.389235801367827,NA,0.21758342221545,NA,0.799171842650104,0.412148922273024,0.693548387096775,0.314014752370917,0.380459770114943,0.438368424638177,2014-10-01
NA,0.288490509189515,0.237153558052435,0.52675693101225,0.267349700367291,0.312221231043711,NA,NA,0.464263517712865,NA,0.37949052906597,NA,0.272391991570074,0.355172413793104,0.344810042423024,2014-11-01
NA,0.318067691071608,0.182621722846442,NA,NA,0.345524829021708,NA,NA,NA,0.82608695652174,0.38602220770738,0.72983870967742,0.251844046364594,0.345977011494253,0.423247896838143,2014-12-01
