"D","Quickset Road TL44_287","Redlands Hall TL44_014","Arkesden TL43_008","Field Farm TL54_011","Arkesden Village TL43_7","Bordeaux Farm TL54_018","Brick  Kiln Barns TL53_007","Woodside Quendon TL53_003","Mitchells Farm TL54_029","Elsenham Nurseries TL52_002","Abrams Lane TL44_019","The Oaks TL53_021","Hertford Lane TL44_288","Coploe Hill TL44_301","Building End TL43_054","Coploe Road TL44_286","Lower Pond Street TL43_058","comp"
1990-01-01,0.332366589327146,0.26126878130217,0.608860759493671,0.336817653890824,0.391824526420738,0.387832699619773,0.487378640776699,0.967930029154519,0.561797752808988,0.481818181818182,0.332417582417582,0.506493506493507,0.26090169992609,0.258575197889182,0.610009442870633,0.421717171717172,0.60531914893617,0.459607609697826
1990-02-01,0.490719257540603,0.549248747913189,0.763291139240506,0.520325203252032,0.548354935194416,0.627376425855512,0.706796116504855,0.976676384839651,0.685393258426965,0.534545454545456,1,0.667532467532467,0.429416112342942,0.411609498680739,0.835694050991502,0.588383838383838,0.772340425531915,0.653394312751564
1990-03-01,0.538863109048724,0.598080133555926,0.689873417721519,0.516840882694541,0.59222333000997,0.627376425855512,0.563106796116505,0.845481049562682,0.657303370786517,0.581818181818182,0.771978021978021,0.703896103896104,0.492239467849224,0.465699208443272,0.75070821529745,0.606060606060606,0.803191489361701,0.635572930003321
1990-04-01,0.553364269141531,0.547579298831386,0.531645569620253,0.435540069686411,0.493519441674975,0.574144486692014,0.442718446601941,0.67930029154519,0.685393258426965,0.59090909090909,0.564102564102564,0.657142857142857,0.514781966001478,0.432717678100264,0.692162417374882,0.547979797979798,0.787234042553192,0.572366796846164
1990-05-01,NA,0.487479131886477,NA,0.362369337979094,0.382851445663011,0.50190114068441,0.36504854368932,0.626822157434401,0.674157303370784,0.572727272727273,0.454212454212454,0.576623376623376,0.500369549150037,0.386543535620052,0.663833805476865,0.499999999999999,NA,0.503924218179825
1990-06-01,0.469257540603248,0.331385642737896,NA,0.262485481997677,0.298105682951147,0.384030418250949,0.285436893203883,0.536443148688049,0.685393258426965,0.532727272727273,0.293956043956043,0.475324675324677,0.411677753141168,0.281002638522428,0.594900849858356,0.611111111111111,0.677659574468085,0.44568112412306
1990-07-01,0.415893271461717,0.269616026711185,0.272151898734177,0.180023228803717,0.245264207377867,0.29277566539924,0.248543689320387,0.463556851311955,0.685393258426965,0.490909090909091,0.251831501831502,0.329870129870131,0.342572062084257,0.203166226912929,0.553352219074598,0.618686868686869,0.608510638297872,0.380712755012615
1990-08-01,0.343967517401392,0.204507512520868,0.215189873417722,0.156794425087108,0.205383848454636,0.1787072243346,0.180582524271845,0.434402332361515,0.685393258426965,0.621818181818182,0.209706959706959,0.303896103896104,0.285291943828529,0.16622691292876,0.493862134088763,0.227272727272727,0.572340425531916,0.322667288549917
1990-09-01,0.294663573085847,0.142320534223706,0.191139240506329,0.0929152148664344,0.169491525423729,0.136882129277566,0.172815533980583,0.379008746355685,0.713483146067413,0.430909090909091,0.176739926739926,0.275324675324676,0.219512195121951,0.116094986807388,0.452313503305005,0.169191919191919,0.508510638297872,0.273018622322654
1990-10-01,0.340487238979118,NA,0.224050632911393,0.0754936120789777,0.163509471585244,0.106463878326997,0.141747572815533,NA,0.685393258426965,0.392727272727274,0.144688644688645,0.249350649350649,0.175166297117517,0.0923482849604225,0.42681775259679,0.212121212121211,0.464893617021277,0.259683959713868
1990-11-01,0.233178654292343,0.0872287145242071,0.208860759493671,0.046457607433217,0.17048853439681,0.0532319391634983,0.0873786407766982,0.259475218658893,0.51685393258427,0.336363636363637,0.124542124542124,0.212987012987013,0.146341463414634,0.0686015831134568,0.383380547686497,0.194444444444445,0.452127659574468,0.210702498438228
1990-12-01,0.230278422273782,0.0730383973288815,0.168354430379747,0.05458768873403,0.128614157527418,0,0.0310679611650479,NA,0.404494382022471,0.305454545454546,0.083333333333333,0.200000000000001,0.120473022912047,0.0633245382585757,0.359773371104816,0.333333333333333,0.381914893617021,0.183627654840316
1991-01-01,0.161832946635731,0.0417362270450751,0.259493670886075,0.124274099883856,0.162512462612163,0.155893536121674,0.18252427184466,0.685131195335277,0.629213483146066,0.327272727272728,0.0778388278388273,0.233766233766233,0.101256467110126,0.076517150395779,0.322001888574127,0.164141414141414,0.363829787234043,0.239366846461403
1991-02-01,0.189675174013921,0.0609348914858097,0.455696202531645,0.171893147502904,0.18444666001994,0.140684410646387,0.287378640776699,0.798833819241983,0.387640449438201,0.316363636363637,0.0989010989010987,0.288311688311688,0.112712490761271,0.118733509234829,0.326723323890463,0.255050505050504,0.372340425531915,0.268607063158994
1991-03-01,0.19953596287703,0.095993322203673,0.483544303797469,0.238095238095238,0.323030907278166,0.224334600760457,0.322330097087378,0.84256559766764,0.544943820224718,0.345454545454546,0.0787545787545787,0.350649350649351,0.138211382113821,0.16754617414248,0.350330500472144,0.313131313131314,0.408510638297872,0.319233078412228
1991-04-01,0.22737819025522,0.114774624373957,0.310126582278481,0.222996515679442,0.346959122632104,0.254752851711027,0.219417475728155,0.638483965014578,0.51685393258427,0.33818181818182,0.227106227106226,0.350649350649351,0.167036215816704,0.187335092348285,0.336166194523135,0.323232323232323,0.409574468085107,0.305354408835305
1991-05-01,0.236078886310905,0.161519198664441,0.240506329113924,0.255516840882694,0.256231306081755,0.254752851711027,0,0.682215743440236,0.449438202247189,0.323636363636363,0.206959706959706,0.327272727272728,0.179970436067997,0.186015831134565,0.319169027384326,0.318181818181818,0.389361702127659,0.281578057130431
1991-06-01,0.232598607888631,0.158597662771286,0.218987341772152,0.249709639953542,0.187437686939182,0.209125475285173,0.190291262135922,0.661807580174927,0.51685393258427,0.309090909090909,0.195054945054945,0.298701298701298,0.181818181818182,0.171503957783642,0.31728045325779,0.305555555555556,0.374468085106384,0.281110739757282
1991-07-01,0.223897911832947,0.130634390651085,0.196202531645569,0.224157955865273,0.166500498504486,0.159695817490495,0.180582524271845,0.638483965014578,0.505617977528089,0.281818181818183,0.156593406593406,0.238961038961039,0.177014042867702,0.138522427440634,0.269121813031162,0,0.329787234042554,0.236328924562297
1991-08-01,NA,0.125208681135225,0.126582278481013,0.232288037166086,0.117647058823529,0.140684410646387,0.170873786407766,0.626822157434401,0.415730337078653,0.272727272727272,0.138278388278387,0.225974025974027,0.168883961566888,0.506596306068602,0.282341831916903,0.219696969696969,0.307446808510638,0.254861394494547
1991-09-01,NA,0.0671953255425709,0.10253164556962,0.16260162601626,0.0887337986041875,0.133079847908746,0.151456310679611,0.335276967930027,0.404494382022471,NA,0.117216117216117,0.174025974025974,0.124538063562454,NA,0.250236071765817,0.148989898989899,0.284042553191489,0.181744184501803
1991-10-01,0.112529002320185,0.0371452420701169,0.0683544303797467,0.132404181184669,0.0697906281156527,0.0836501901140679,0.151456310679611,0.186588921282799,0.494382022471911,0.229090909090909,0.0815018315018315,0.14025974025974,0.0968218773096823,0.0448548812664912,0.20491029272899,0.103535353535354,0.232978723404256,0.145309090453883
1991-11-01,0.0916473317865428,0.0175292153589316,0.0645569620253162,0.132404181184669,0.0747756729810569,0.110266159695817,0.151456310679611,0.201166180758017,0.449438202247189,0.198181818181818,0.0622710622710616,0.137662337662338,0.0661492978566151,0.036939313984169,0.18791312559018,0.103535353535354,0.209574468085107,0.135027470228458
1991-12-01,0.0672853828306262,0.00709515859766284,0.0468354430379743,0.153310104529617,0.0428713858424726,0.0646387832699626,0.151456310679611,0.142857142857142,0.292134831460672,0.172727272727272,0.0503663003663001,0.12987012987013,0.0458240946045825,0.0329815303430079,0.151085930122758,0.0984848484848486,0.170212765957447,0.107061024446005
1992-01-01,0.0632250580046402,0.0037562604340569,0.0974683544303801,0.191637630662021,0.0418743768693913,0.0798479087452474,0.151456310679611,0.288629737609329,0.286516853932583,0.158181818181818,0.0402930402930401,0.14025974025974,0.041759053954176,0.0527704485488134,0.142587346553353,0.141414141414141,0.162765957446809,0.122614355177597
1992-02-01,0.0568445475638049,0.00751252086811351,0.0582278481012659,0.205574912891986,0.0588235294117644,0.0722433460076036,0.151456310679611,0.24198250728863,0.331460674157301,0.145454545454546,0.0311355311355301,0.137662337662338,0.0365853658536586,0.0699208443271769,0.130311614730879,0.174242424242424,0.147872340425532,0.121018305929539
1992-03-01,0.0585846867749419,0.0137729549248747,0.0430379746835447,0.174216027874564,0.0428713858424726,0.0684410646387831,0.151456310679611,0.183673469387754,0.421348314606741,0.127272727272727,0.0265567765567758,0.124675324675326,0.041759053954176,0.076517150395779,0.12653446647781,0.186868686868687,0.13936170212766,0.118055769278955
1992-04-01,0.060904872389791,0.0233722871452422,0.235443037974683,0.18815331010453,0.238285144566301,0.133079847908746,0.151456310679611,0.626822157434401,0.348314606741571,0.127272727272727,0.0210622710622701,0.17922077922078,0.0517368810051739,0.0949868073878635,0.118035882908404,0.217171717171717,0.151063829787234,0.174493086515356
1992-05-01,0.0672853828306262,0.0438230383973291,0.125316455696203,0.175377468060395,0.180458624127617,0.136882129277566,0.151456310679611,0.533527696793004,0.325842696629212,0.123636363636364,0.0219780219780215,0.155844155844156,0.0613451589061347,0.0949868073878635,0.107648725212465,0.212121212121211,0.142553191489362,0.156475496415714
1992-06-01,0.0754060324825984,0.0525876460767946,0.0734177215189871,0.130081300813008,0.104685942173479,0.117870722433461,0.151456310679611,0.341107871720118,0.303370786516853,0.107272727272727,0.0183150183150173,0.11948051948052,0.0606060606060606,0.073878627968338,0.0963172804532587,0.169191919191919,0.126595744680851,0.124802484257859
1992-07-01,0.0562645011600927,0.0413188647746245,0.0379746835443034,0.0871080139372822,0.0548354935194414,0.0874524714828912,0.151456310679611,0.131195335276969,0.292134831460672,0.0945454545454552,0.01007326007326,0.101298701298701,0.0461936437546194,0.0329815303430079,0.0821529745042497,0.101010101010101,0.10531914893617,0.0890185482530265
1992-08-01,0.0388631090487236,0.018363939899833,0.151898734177215,0,0,0.0570342205323188,0.151456310679611,0,0.314606741573035,0.0709090909090911,0.00457875457875432,0.103896103896103,0.0306725794530675,0.0105540897097632,0.0689329556185084,0.070707070707071,0.0829787234042554,0.0691442602463147
1992-09-01,0.0261020881670531,0.00459098497495824,0.082278481012658,0.0708478513356561,0.0857427716849452,0.125475285171102,0.151456310679611,0.0524781341107851,0.252808988764042,0.0545454545454541,0,0.127272727272728,0.0203252032520327,0,0.0576015108593012,0.0505050505050503,0.0723404255319156,0.072610074580429
1992-10-01,0.0243619489559162,0,0.373417721518987,0.156794425087108,0.312063808574278,0.193916349809885,0.201941747572815,0.486880466472305,0.303370786516853,0.0727272727272726,0,0.212987012987013,0.0195861049519587,0.0343007915567289,0.0509915014164312,0.116161616161616,0.097872340425532,0.156316111454982
1992-11-01,0.0620649651972158,0.0254590984974958,0.554430379746835,0.274099883855981,0.388833499501496,0.285171102661597,0.363106796116504,0.938775510204083,0.219101123595506,0.272727272727272,0.0393772893772887,0.348051948051949,0.0558019216555804,0.133245382585753,0.102927289896129,0.305555555555556,0.186170212765957,0.267935248940717
1992-12-01,0.183294663573086,0.215776293823038,0.705063291139241,0.392566782810685,0.480558325024926,0.441064638783271,0.500970873786408,0.959183673469387,0.151685393258425,0.234545454545455,0.115384615384615,0.423376623376624,0.150406504065041,0.24802110817942,0.289896128423041,0.457070707070708,0.368085106382979,0.37158530488802
1993-01-01,0.305104408352668,0.357679465776294,0.753164556962025,0.535423925667828,0.543369890329013,0.585551330798478,0.497087378640776,0.953352769679301,0.325842696629212,0.350909090909091,0.407509157509156,0.519480519480519,0.266075388026608,0.368073878627969,0.400377714825308,0.588383838383838,0.498936170212765,0.485666010635932
1993-02-01,0.378190255220417,0.40567612687813,0.667088607594936,0.544715447154472,0.535393818544367,0.638783269961976,0.434951456310679,0.728862973760935,0.376404494382023,0.410909090909091,0.533882783882784,0.563636363636364,0.331485587583149,0.411609498680739,0.462700661000945,0.585858585858586,0.558510638297872,0.504038803509263
1993-03-01,0.400232018561485,0.412353923205342,0.568354430379746,0.501742160278746,0.466600199401795,0.585551330798478,0.335922330097087,0.670553935860059,0.342696629213483,0.427272727272728,0.501831501831501,0.545454545454546,0.367331855136733,0.403693931398417,0.450424929178471,0.563131313131312,0.569148936170213,0.477193923374714
1993-04-01,0.406032482598608,0.384390651085142,0.511392405063292,0.452961672473867,0.410767696909272,0.528517110266159,0.359223300970873,0.813411078717201,0.455056179775282,0.44,0.419413919413919,0.503896103896105,0.373614190687361,0.364116094986808,0.439093484419264,0.520202020202021,0.558510638297872,0.467094060574297
1993-05-01,0.412412993039443,0.367696160267112,0.473417721518986,0.440185830429733,0.382851445663011,0.494296577946769,0.314563106796116,0.644314868804664,0.488764044943818,0.445454545454545,0.416666666666666,0.485714285714287,0.372505543237251,0.340369393139842,0.461756373937677,0.494949494949495,0.573404255319149,0.44760725340168
1993-06-01,0.392111368909513,0.328464106844741,0.382278481012657,0.393728222996516,0.317048853439681,0.463878326996197,0.310679611650484,0.542274052478135,0.415730337078653,0.430909090909091,0.356227106227106,0.441558441558442,0.352180339985218,0.303430079155673,0.43342776203966,0.446969696969698,0.541489361702128,0.403081484703153
1993-07-01,0.367749419953596,0.28338898163606,0.330379746835443,0.360046457607433,0.274177467597208,0.418250950570342,0.258252427184466,0.451895043731779,0.438202247191012,0.412727272727274,0.292124542124542,0.407792207792208,0.322985957132299,0.266490765171504,0.40604343720491,0.396464646464646,0.506382978723405,0.364314973508713
1993-08-01,0.320185614849188,0.225375626043406,0.260759493670886,0.312427409988386,0.215353938185443,0.32319391634981,0.196116504854369,0.332361516034986,0.404494382022471,0.370909090909091,0.241758241758242,0.335064935064935,0.273835920177384,0.220316622691293,0.356940509915014,0.358585858585859,0.43936170212766,0.305120075484025
1993-09-01,0.287122969837587,0.186143572621035,0.218987341772152,0.293844367015099,0.176470588235294,0.269961977186312,0.178640776699028,0.265306122448979,0.432584269662919,0.354545454545454,0.206959706959706,0.283116883116884,0.242054693274206,0.189973614775726,0.334277620396601,0.318181818181818,0.398936170212766,0.272771055702445
1993-10-01,0.253480278422274,0.155258764607679,0.441772151898733,0.284552845528455,0.339980059820539,0.311787072243346,0.36504854368932,0.717201166180758,0.348314606741571,0.352727272727274,0.186813186813186,0.280519480519482,0.21359940872136,0.180738786279684,0.301227573182247,0.333333333333333,0.36063829787234,0.319234872269505
1993-11-01,0.28538283062645,0.313856427378965,0.451898734177216,0.476190476190476,0.38085742771685,0.437262357414448,0.361165048543689,0.819241982507291,0.393258426966289,0.390909090909091,0.379120879120879,0.412987012987014,0.257945306725795,0.335092348284961,0.318224740321058,0.479797979797979,0.391489361702128,0.404981201845328
1993-12-01,0.345127610208816,0.356010016694491,0.548101265822784,0.483159117305459,0.406779661016949,0.448669201520912,0.495145631067961,0.988338192419827,0.51685393258427,0.434545454545454,0.356227106227106,0.451948051948052,0.306356245380636,0.329815303430079,0.352219074598678,0.512626262626263,0.436170212765958,0.456946608244923
1994-01-01,0.490139211136891,0.640233722871453,0.803797468354429,0.781649245063879,0.628115653040878,0.737642585551329,0.667961165048543,0.976676384839651,0.415730337078653,0.530909090909091,0.69047619047619,0.644155844155845,0.487435328898744,0.492084432717678,0.593012275731822,0.72979797979798,0.629787234042553,0.643506126453859
1994-02-01,0.562645011600928,0.707429048414023,0.751898734177214,0.724738675958188,0.599202392821536,0.733840304182509,0.605825242718446,0.953352769679301,0.544943820224718,0.583636363636365,0.912087912087911,0.748051948051948,0.589061345158906,0.592348284960422,0.650613786591124,0.742424242424242,0.709574468085106,0.688922020633699
1994-03-01,0.616009280742459,0.646076794657763,0.668354430379747,0.636469221835075,0.569292123629113,0.661596958174905,0.56116504854369,0.862973760932945,0.533707865168537,0.620000000000001,0.746336996336995,0.727272727272728,0.608277900960828,0.543535620052771,0.648725212464589,0.674242424242425,0.742553191489362,0.65097585628729
1994-04-01,0.604988399071926,0.621035058430718,0.650632911392405,0.590011614401858,0.500498504486541,0.638783269961976,0.568932038834952,0.982507288629741,0.601123595505618,0.650909090909093,0.599816849816849,0.703896103896104,0.607538802660754,0.496042216358839,0.657223796033995,0.628787878787879,0.749999999999999,0.638395730539956
1994-05-01,0.594547563805104,0.587646076794658,0.581012658227848,0.549361207897793,0.495513459621136,0.612167300380227,0.487378640776699,0.70262390670554,0.634831460674158,0.674545454545456,0.543040293040292,0.672727272727273,0.5849963045085,0.472295514511874,0.629839471199245,0.593434343434344,0.742553191489362,0.597559654137618
1994-06-01,0.5707656612529,0.523789649415693,0.511392405063292,0.490127758420441,0.440677966101695,0.566539923954373,0.436893203883495,0.667638483965014,0.567415730337077,0.676363636363638,0.467032967032966,0.620779220779221,0.558758314855876,0.430079155672824,0.616619452313503,0.54040404040404,0.72659574468085,0.553639606735112
1994-07-01,0.515081206496519,0.463272120200334,0.39493670886076,0.37862950058072,0.354935194416749,0.456273764258556,0.328155339805825,0.591836734693879,0.623595505617977,0.650909090909093,0.377289377289376,0.509090909090909,0.494456762749446,0.344327176781002,0.574126534466477,0.42929292929293,0.671276595744681,0.479852085367955
1994-08-01,0.470417633410673,0.343071786310517,0.331645569620253,0.315911730545877,0.291126620139581,0.372623574144488,0.267961165048543,0.53935860058309,0.674157303370784,0.62909090909091,0.312271062271062,0.428571428571428,0.437546193643755,0.283641160949869,0.539187913125591,0.378787878787879,0.623404255319148,0.425810281466673
1994-09-01,0.410672853828306,0.268781302170284,0.284810126582278,0.281068524970964,0.244267198404785,0.304182509505705,0.227184466019416,NA,0.674157303370784,0.587272727272728,0.264652014652015,0.368831168831169,0.366223207686622,0.230870712401055,0.491029272898961,0.325757575757575,0.561702127659574,0.368216443250764
1994-10-01,0.353828306264501,0.214524207011686,0.246835443037975,0.262485481997677,0.211365902293121,0.266159695817491,0.231067961165048,NA,0.679775280898876,0.54909090909091,0.227106227106226,0.350649350649351,0.304138950480414,0.20580474934037,0.451369216241737,0.318181818181818,0.502127659574468,0.335906947446979
1994-11-01,0.317285382830626,0.215776293823038,0.291139240506329,0.301974448315912,0.253240279162513,0.338403041825095,0.304854368932039,0.720116618075803,0.573033707865166,0.525454545454545,0.218864468864469,0.361038961038961,0.277161862527716,0.215039577836412,0.441926345609066,0.351010101010101,0.479787234042553,0.363888616336491
1994-12-01,0.317285382830626,0.215776293823038,0.291139240506329,0.301974448315912,0.21036889332004,0.338403041825095,0.304854368932039,0.720116618075803,0.573033707865166,0.525454545454545,0.218864468864469,0.361038961038961,0.277161862527716,0.215039577836412,0.441926345609066,0.351010101010101,0.479787234042553,0.361366770110463
1995-01-01,0.354988399071926,0.387312186978297,0.622784810126582,0.384436701509872,0.412761714855433,0.406844106463878,0.423300970873786,0.965014577259478,0.713483146067413,0.512727272727273,0.33058608058608,0.454545454545454,0.359940872135994,0.300791556728232,0.578847969782815,0.467171717171717,0.577659574468085,0.485482183020725
1995-02-01,0.521461716937355,0.62771285475793,0.820253164556962,0.635307781649245,0.590229312063808,0.749049429657794,0.666019417475728,1,0.668539325842695,0.58909090909091,0.815018315018314,0.672727272727273,0.527716186252772,0.535620052770448,0.757318224740322,0.686868686868686,0.742553191489362,0.6826756377588
1995-03-01,0.677494199535963,0.780884808013356,0.851898734177215,0.742160278745644,0.668993020937189,0.794676806083651,0.757281553398058,0.956268221574346,0.578651685393259,0.674545454545456,0.887362637362637,0.815584415584415,0.65779748706578,0.671503957783641,0.838526912181304,0.770202020202019,0.838297872340426,0.762478239113198
1995-04-01,0.703596287703016,0.729966611018364,0.724050632911392,0.641114982578397,0.635094715852443,0.70722433460076,0.599999999999999,0.760932944606415,0.758426966292135,0.745454545454547,0.665750915750915,0.802597402597403,0.686991869918699,0.635883905013192,0.746931067044382,0.717171717171716,0.829787234042552,0.711233890150372
1995-05-01,0.66415313225058,0.61686143572621,0.553164556962025,0.534262485481998,0.506480558325024,0.623574144486692,0.45631067961165,0.644314868804664,0.702247191011236,0.741818181818184,0.522893772893772,0.690909090909092,0.650036954915004,0.514511873350924,0.695939565627951,0.603535353535354,0.795744680851064,0.618632854503613
1995-06-01,0.604988399071926,0.503756260434057,0.453164556962025,0.426248548199767,0.39581256231306,0.566539923954373,0.378640776699028,0.606413994169097,0.679775280898876,0.727272727272727,0.406593406593406,0.607792207792208,0.586474501108648,0.420844327176781,0.648725212464589,0.512626262626263,0.748936170212766,0.545565006938212
1995-07-01,0.533062645011601,0.385642737896494,0.368354430379746,0.343786295005807,0.312063808574278,0.46768060836502,0.299029126213592,0.56851311953353,0.724719101123595,0.696363636363638,0.313186813186813,0.498701298701299,0.498891352549889,0.327176781002639,0.6109537299339,0.404040404040404,0.695744680851064,0.473406504043136
1995-08-01,0.467517401392111,0.301752921535893,0.30253164556962,0.275261324041812,0.266201395812562,0.3574144486692,0.233009708737863,0.527696793002917,0.668539325842695,0.645454545454547,0.269230769230769,0.397402597402598,0.422394678492239,0.232189973614776,0.571293673276676,0.297979797979798,0.641489361702127,0.404550609515189
1995-09-01,0.396171693735499,0.22746243739566,0.260759493670886,0.221835075493612,0.222333000997009,0.384030418250949,0.205825242718446,0.478134110787173,0.634831460674158,0.598181818181819,0.232600732600732,0.340259740259741,0.342572062084257,0.20712401055409,0.523135033050048,0.313131313131314,0.575531914893616,0.362583503439942
1995-10-01,0.345127610208816,0.187813021702838,0.225316455696203,0.265969802555168,0.19840478564307,0.29277566539924,0.196116504854369,0.419825072886298,0.696629213483147,0.556363636363636,0.204212454212453,0.324675324675325,0.291574279379157,0.195250659630607,0.473087818696884,0.303030303030304,0.523404255319149,0.335269227278627
1995-11-01,0.306264501160093,0.174457429048414,0.20126582278481,0.260162601626016,0.17048853439681,0.250950570342206,0.170873786407766,0.38192419825073,0.691011235955054,0.520000000000002,0.192307692307692,0.301298701298702,0.260532150776053,0.187335092348285,0.448536355051936,0.30050505050505,0.484042553191489,0.311879780908889
1995-12-01,0.276102088167053,0.158597662771286,0.175949367088608,0.255516840882694,0.147557328015952,0.216730038022814,0.149514563106795,0.335276967930027,0.51685393258427,0.481818181818182,0.18040293040293,0.280519480519482,0.236511456023651,0.171503957783642,0.412653446647781,0.287878787878788,0.445744680851063,0.278184218264413
1996-01-01,0.288283062645012,0.203255425709516,0.377215189873418,0.35307781649245,0.226321036889332,0.448669201520912,0.302912621359222,0.685131195335277,0.573033707865166,0.467272727272728,0.22069597069597,0.353246753246753,0.241685144124169,0.233509234828496,0.412653446647781,0.391414141414141,0.442553191489361,0.3659370510241
1996-02-01,0.323665893271462,0.330968280467446,0.50253164556962,0.403019744483159,0.244267198404785,0.46768060836502,0.349514563106796,0.827988338192423,0.584269662921347,0.461818181818182,0.299450549450549,0.407792207792208,0.304508499630451,0.296833773087071,0.427762039660057,0.44949494949495,0.465957446808511,0.420442563677884
1996-03-01,0.387470997679814,0.416944908180301,0.520253164556962,0.469221835075493,0.448654037886341,0.53231939163498,0.38640776699029,0.839650145772595,0.606741573033707,0.469090909090911,0.502747252747252,0.467532467532468,0.368810051736881,0.337730870712401,0.486307837582626,0.489898989898989,0.523404255319149,0.485481556201833
1996-04-01,0.415313225058004,0.428631051752922,0.377215189873418,0.456445993031359,0.348953140578265,0.49809885931559,0.314563106796116,0.693877551020408,0.629213483146066,0.470909090909091,0.434981684981685,0.464935064935065,0.403917220990392,0.353562005277045,0.455146364494807,0.492424242424243,0.524468085106383,0.456626785864168
1996-05-01,0.415893271461717,0.397746243739566,0.288607594936709,0.414634146341463,0.265204386839482,0.437262357414448,0.227184466019416,0.620991253644315,0.595505617977529,0.458181818181819,0.352564102564102,0.428571428571428,0.402439024390244,0.324538258575198,0.4438149197356,0.444444444444444,0.515957446808511,0.413737693037999
1996-06-01,0.374709976798144,0.29424040066778,0.215189873417722,0.321718931475029,0.194416749750747,0.342205323193916,0.170873786407766,0.53935860058309,0.662921348314606,0.423636363636365,0.252747252747252,0.353246753246753,0.336289726533629,0.24934036939314,0.390934844192634,0.351010101010101,0.45,0.348402376551098
1996-07-01,0.322505800464037,0.224540901502504,0.167088607594937,0.250871080139373,0.154536390827517,0.262357414448668,0.118446601941747,0.935860058309038,0.550561797752807,0.390909090909091,0.206959706959706,0.277922077922078,0.273835920177384,0.197889182058047,0.357884796978282,0.295454545454546,0.403191489361703,0.317106791929498
1996-08-01,0.268561484918793,0.173622704507513,0.132911392405063,0.218350754936121,0.119641076769691,0.209125475285173,0.112621359223301,0.612244897959183,0.5561797752809,0.35818181818182,0.18040293040293,0.220779220779221,0.228750923872875,0.158311345646438,0.335221907459867,0.262626262626262,0.371276595744682,0.265812348588225
1996-09-01,0.225058004640371,0.121035058430718,0.0987341772151899,0.171893147502904,0.0897308075772681,0.17490494296578,0.112621359223301,0.390670553935862,0.539325842696629,0.321818181818183,0.153846153846153,0.168831168831168,0.178122690317812,0.12532981530343,0.295561850802645,0.224747474747475,0.318085106382979,0.218253902131639
1996-10-01,0.175174013921113,0.0976627712854759,0.0556962025316452,0.167247386759582,0.0648055832502492,0.110266159695817,0.151456310679611,0.244897959183675,0.494382022471911,0.281818181818183,0.136446886446886,0.132467532467534,0.139320029563932,0.100263852242745,0.259678942398489,0.204545454545455,0.273404255319149,0.181737267328321
1996-11-01,0.151392111368909,0.0918196994991654,0.0518987341772156,0.16144018583043,0.0378863409770684,0.125475285171102,0.151456310679611,0.259475218658893,0.477528089887641,0.256363636363637,0.13003663003663,0.137662337662338,0.115668883961567,0.104221635883906,0.23229461756374,0.212121212121211,0.235106382978723,0.172461606636576
1996-12-01,0.134570765661253,0.0559265442404008,0.0810126582278481,0.154471544715447,0.0478564307078761,0.14828897338403,0.151456310679611,0.282798833819242,0.42696629213483,0.241818181818183,0.167582417582417,0.174025974025974,0.0979305247597933,0.109498680738787,0.211520302171861,0.287878787878788,0.214893617021277,0.175793931739272
1997-01-01,0.120649651972158,0.0596828046744574,0.0531645569620255,0.234610917537747,0.0468594217347955,0.11406844106464,0.151456310679611,0.282798833819242,0.387640449438201,0.221818181818183,0.251831501831502,0.192207792207793,0.0849963045084998,0.12664907651715,0.166194523135033,0.265151515151514,0.174468085106383,0.17260284518582
1997-02-01,0.107888631090487,0.0646911519198666,0.294936708860759,0.264808362369338,0.0398803589232302,0.117870722433461,0.151456310679611,0.329446064139941,0.404494382022471,0.190909090909092,0.234432234432235,0.176623376623376,0.0890613451589063,0.129287598944591,0.164305949008499,0.275252525252524,0.169148936170213,0.188499632290506
1997-03-01,0.114269141531322,0.0776293823038397,0.218987341772152,0.256678281068525,0.255234297108674,0.163498098859315,0.120388349514563,0.489795918367346,0.365168539325842,0.189090909090909,0.278388278388278,0.207792207792209,0.0979305247597933,0.141160949868074,0.163361661945232,0.29040404040404,0.176595744680851,0.212139627457704
1997-04-01,0.114849187935035,0.0813856427378966,0.111392405063291,0.252032520325203,0.13160518444666,0.140684410646387,0.151456310679611,0.772594752186588,0.292134831460672,0.178181818181818,0.232600732600732,0.189610389610391,0.0946045824094605,0.135883905013193,0.145420207743154,0.27020202020202,0.160638297872341,0.203251599947909
1997-05-01,0.106728538283062,0.0676126878130216,0.0443037974683546,0.222996515679442,0.0608175473579262,0.125475285171102,0.151456310679611,0.932944606413997,0.275280898876405,0.158181818181818,0.184065934065933,0.150649350649352,0.0846267553584629,0.109498680738787,0.130311614730879,0.224747474747475,0.145744680851064,0.18679073512157
1997-06-01,0.0875870069605567,0.0379799666110185,0,0.16260162601626,0,0.102661596958176,0.151456310679611,0.644314868804664,0.303370786516853,0.134545454545455,0.149267399267399,0.0935064935064933,0.0624538063562456,0.0686015831134568,0.104815864022663,0.161616161616162,0.112765957446809,0.139855581318931
1997-07-01,0.0678654292343384,0.032136894824708,0,0.181184668989547,0.051844466600199,0.129277566539925,0.151456310679611,0.446064139941692,0.230337078651683,0.112727272727272,0.149267399267399,0.0883116883116892,0.0532150776053217,0.0699208443271769,0.0821529745042497,0.181818181818181,0.0914893617021283,0.124651138572066
1997-08-01,0.0620649651972158,0.0275459098497497,0,0.166085946573751,0,0.0760456273764269,0.151456310679611,0.393586005830903,0.213483146067417,0.0927272727272725,0.13095238095238,0.0467532467532467,0.0476718403547674,0.0461741424802112,0.0623229461756384,0.131313131313131,0.0670212765957449,0.100894361701616
1997-09-01,0.0365429234338744,0.0162771285475793,0,0.148664343786295,0,0.041825095057034,0.151456310679611,0.271137026239065,0.168539325842695,0.0618181818181812,0.105311355311355,0.00259740259740393,0.041759053954176,0.0303430079155678,0.041548630783758,0.106060606060606,0.0425531914893623,0.0744960931480331
1997-10-01,0.0266821345707657,0.00709515859766284,0,0.139372822299651,0,0.0494296577946777,0.151456310679611,0.201166180758017,0.202247191011236,0.0436363636363641,0.0842490842490844,0,0.0199556541019958,0.0567282321899735,0.0217186024551467,0.113636363636363,0.0191489361702135,0.0668542760088684
1997-11-01,0.0034802784222735,0.00333889816360594,0,0.148664343786295,0,0.0152091254752848,0.112621359223301,0.690962099125367,0.151685393258425,0.0181818181818185,0.0668498168498159,0.0337662337662344,0.00665188470066518,0.0197889182058055,0.0122757318224749,0.0984848484848486,0.00851063829787291,0.0817924345743581
1997-12-01,0,0.000417362270450668,0,0.155632984901278,0,0.0380228136882134,0.112621359223301,0.577259475218661,0.174157303370788,0.0145454545454543,0.0586080586080586,0.0493506493506506,0,0.0197889182058055,0,0.101010101010101,0,0.0765537929642801
1998-01-01,0.0179814385150809,0.00208681135225393,0.448101265822785,0.221835075493612,0.348953140578265,0.186311787072244,0.269902912621359,0.527696793002917,0.0168539325842703,0.0218181818181814,0.131868131868132,0.174025974025974,0.0254988913525501,0.0949868073878635,0.0387157695939576,0.255050505050504,0.0819148936170216,0.168447194809234
1998-02-01,0.0481438515081205,0.0229549248747915,0.212658227848101,0.285714285714286,0.264207377866401,0.186311787072244,0.23883495145631,0.131195335276969,0.0786516853932587,0,0.173992673992673,0.223376623376623,0.0395417590539542,0.141160949868074,0.0472143531633616,0.30050505050505,0.097872340425532,0.146608010435044
1998-03-01,0.0794663573085845,0.0546744574290485,0.335443037974684,0.284552845528455,0.137587238285144,0.201520912547529,0.248543689320387,0.221574344023321,0.0224719101123591,0.0563636363636369,0.164835164835165,0.241558441558441,0.066518847006652,0.156992084432718,0.0566572237960348,0.315656565656566,0.124468085106383,0.162875578899124
1998-04-01,0.157192575406033,0.133973288814691,0.520253164556962,0.314750290360046,0.194416749750747,0.247148288973383,0.306796116504854,0.743440233236152,0.247191011235954,0.074545454545454,0.18040293040293,0.272727272727274,0.138211382113821,0.20580474934037,0.101983002832861,0.416666666666666,0.197872340425532,0.261963265758455
1998-05-01,0.198375870069605,0.201585976627713,0.337974683544304,0.382113821138211,0.39481555333998,0.342205323193916,0.302912621359222,0.615160349854229,0.0561797752808996,0.129090909090909,0.334249084249083,0.327272727272728,0.170362158167036,0.226912928759895,0.169971671388102,0.398989898989898,0.26595744680851,0.285537105831426
1998-06-01,0.214037122969837,0.194908180300501,0.283544303797468,0.334494773519164,0.206380857427717,0.346007604562739,0.217475728155339,0.565597667638485,0.112359550561795,0.145454545454546,0.28113553113553,0.301298701298702,0.173688100517369,0.211081794195251,0.165250236071766,0.381313131313131,0.259574468085107,0.258447193941438
1998-07-01,0.205336426914153,0.161936560934892,0.286075949367088,0.313588850174216,0.129611166500498,0.315589353612166,0.221359223300971,0.530612244897958,0.185393258426965,0.143636363636364,0.24084249084249,0.27012987012987,0.160753880266075,0.187335092348285,0.158640226628896,0.335858585858585,0.240425531914894,0.240419122103198
1998-08-01,0.210556844547564,0.114774624373957,0.149367088607595,0.248548199767712,0.0807577268195409,0.239543726235742,0.178640776699028,0.440233236151602,0.129213483146066,0.134545454545455,0.206959706959706,0.202597402597403,0.129342202512934,0.137203166226914,0.128423040604344,0.252525252525252,0.195744680851064,0.186998624304228
1998-09-01,NA,0.0751252086811354,NA,0.221835075493612,0.0319042871385843,NA,NA,NA,NA,NA,0.177655677655677,NA,0.102365114560237,NA,0.108593012275732,NA,0.160638297872341,0.12544523909676
1998-10-01,0.123259860788863,0.0705342237061769,0.298101265822785,0.224157955865273,0.225324027916251,0.239543726235742,0.169902912621359,0.335276967930032,0.117977528089888,0.100000000000001,0.212454212454212,0.168831168831168,0.0861049519586107,0.120052770448549,0.0906515580736551,0.275252525252524,0.142553191489362,0.176469343969674
1998-11-01,0.176334106728538,0.215358931552588,0.526582278481012,0.320557491289199,0.345962113659022,0.406844106463878,0.337864077669902,0.75801749271137,0,0.138181818181818,0.418498168498168,0.27012987012987,0.16629711751663,0.195250659630607,0.168083097261568,0.40151515151515,0.253191489361702,0.299921645332413
1998-12-01,0.21983758700696,0.229966611018364,0.59873417721519,0.37746806039489,0.442671984047856,0.452471482889733,0.368932038834951,0.755102040816329,0.0898876404494362,0.192727272727272,0.447802197802198,0.340259740259741,0.192904656319291,0.24934036939314,0.225684608120869,0.454545454545454,0.307446808510638,0.349751925314842
1999-01-01,0.381090487238979,0.440734557595993,0.748101265822784,0.533101045296167,0.57976071784646,0.650190114068441,0.576699029126214,0.962099125364433,0.095505617977529,0.283636363636363,0.566849816849817,0.490909090909091,0.366962305986696,0.362796833773087,0.507082152974505,0.583333333333334,0.524468085106383,0.509018820170957
1999-02-01,0.454756380510441,0.5,0.70886075949367,0.576074332171893,0.57976071784646,0.673003802281369,0.541747572815534,0.775510204081633,0.151685393258425,0.374545454545454,0.617216117216117,0.574025974025974,0.429416112342942,0.445910290237467,0.491973559962229,0.623737373737373,0.578723404255319,0.535114555810724
1999-03-01,0.485498839907192,0.515442404006678,0.653164556962024,0.558652729384436,0.48654037886341,0.623574144486692,0.502912621359223,0.880466472303208,0.179775280898876,0.429090909090911,0.517399267399267,0.592207792207792,0.463784183296379,0.443271767810026,0.498583569405099,0.613636363636363,0.601063829787234,0.532062653576754
1999-04-01,0.504060324825986,0.482470784641069,0.531645569620253,0.523809523809524,0.423230309072782,0.581749049429658,0.444660194174757,0.650145772594755,0.230337078651683,0.478181818181819,0.442307692307692,0.571428571428572,0.465262379896526,0.424802110817942,0.479697828139754,0.58080808080808,0.597872340425532,0.49485114287214
1999-05-01,0.48491879350348,0.414858096828047,0.391139240506329,0.462253193960511,0.333000997008973,0.513307984790875,0.376699029126213,0.588921282798834,0.247191011235954,0.476363636363636,0.367216117216116,0.516883116883117,0.44050258684405,0.369393139841689,0.449480642115203,0.515151515151515,0.569148936170213,0.44214290119675
1999-06-01,0.435034802784223,0.340150250417362,0.31139240506329,0.394889663182346,0.245264207377867,0.460076045627376,0.322330097087378,0.524781341107872,0.252808988764042,0.461818181818182,0.299450549450549,0.454545454545454,0.392461197339246,0.304749340369393,0.422096317280453,0.436868686868686,0.530851063829788,0.387621681936089
1999-07-01,0.381670533642691,0.277128547579299,0.250632911392405,0.343786295005807,0.19740777666999,0.376425855513308,0.293203883495145,0.475218658892128,0.264044943820224,0.441818181818182,0.258241758241758,0.381818181818181,0.335920177383592,0.245382585751979,0.389990557129368,0.363636363636363,0.480851063829788,0.338657545624718
1999-08-01,0.349767981438515,0.240400667779633,0.222784810126582,0.308943089430894,0.175473579262213,0.372623574144488,0.256310679611651,0.448979591836733,0.292134831460672,0.432727272727274,0.239010989010989,0.345454545454547,0.302660753880266,0.220316622691293,0.381491973559963,0.356060606060605,0.457446808510638,0.31779931629335
1999-09-01,0.294083526682135,0.21076794657763,0.170886075949367,0.332171893147503,0.134596211365902,0.304182509505705,0.227184466019416,0.390670553935862,0.376404494382023,0.394545454545454,0.209706959706959,0.306493506493506,0.248337028824834,0.216358839050132,0.326723323890463,0.353535353535353,0.387234042553191,0.287287187421496
1999-10-01,0.279002320185615,0.188230383973289,0.188607594936709,0.334494773519164,0.148554336989032,0.300380228136882,0.198058252427184,0.349854227405249,0.325842696629212,0.374545454545454,0.203296703296703,0.31948051948052,0.223207686622321,0.212401055408971,0.287063267233239,0.603535353535354,0.341489361702128,0.286943777413354
1999-11-01,0.266241299303944,0.184056761268781,0.237974683544304,0.35075493612079,0.187437686939182,0.330798479087451,0.18252427184466,0.346938775510204,0.157303370786517,0.350909090909091,0.20054945054945,0.298701298701298,0.214338507021434,0.215039577836412,0.281397544853636,0.356060606060605,0.328723404255319,0.264102926152534
1999-12-01,0.250580046403712,0.169449081803005,0.332911392405062,0.341463414634146,0.26221335992024,0.304182509505705,0.194174757281553,0.346938775510204,0.359550561797753,0.336363636363637,0.182234432234432,0.324675324675325,0.198078344419808,0.218997361477573,0.254013220018885,0.358585858585859,0.308510638297873,0.278995453843222
2000-01-01,0.288283062645012,0.284641068447412,0.61392405063291,0.429732868757259,0.483549351944168,0.513307984790875,0.349514563106796,0.705539358600585,0.168539325842695,0.345454545454546,0.234432234432235,0.405194805194806,0.253880266075388,0.292875989445911,0.336166194523135,0.472222222222221,0.373404255319149,0.385333067496182
2000-02-01,0.342227378190255,0.345158597662771,0.653164556962024,0.471544715447154,0.514456630109672,0.524714828897339,0.423300970873786,0.816326530612246,0.359550561797753,0.37818181818182,0.326923076923076,0.444155844155844,0.304878048780488,0.337730870712401,0.402266288951842,0.515151515151515,0.436170212765958,0.446817790951526
2000-03-01,0.407772621809745,NA,0.640506329113924,0.512195121951219,0.504486540378863,0.627376425855512,0.43883495145631,0.784256559766765,0.241573033707865,0.403636363636365,0.477106227106226,0.509090909090909,0.376940133037694,0.382585751978892,0.453257790368272,0.547979797979798,0.521276595744681,0.48930469706144
2000-04-01,0.457656612529002,0.419031719532554,0.594936708860759,0.491289198606272,0.468594217347956,0.604562737642586,0.380582524271844,0.886297376093294,0.41011235955056,0.44,NA,0.537662337662338,NA,0.402374670184697,NA,0.57070707070707,NA,0.512600579460687
2000-05-01,0.486658932714617,0.485392320534224,0.530379746835442,0.506387921022067,0.417746759720837,0.593155893536122,0.38640776699029,0.690962099125367,0.382022471910112,0.476363636363636,0.455128205128205,0.553246753246754,0.44419807834442,0.405013192612137,0.50519357884797,0.558080808080808,0.578723404255319,0.497356562898137
2000-06-01,0.501160092807425,0.489983305509182,0.496202531645569,0.495934959349593,0.34247258225324,0.596958174904943,0.370873786407766,0.699708454810495,0.325842696629212,0.489090909090911,0.419413919413919,0.548051948051948,0.459719142645972,0.402374670184697,0.482530689329556,0.542929292929292,0.585106382978723,0.485197266996614
2000-07-01,0.480278422273782,0.389398998330551,0.373417721518987,0.396051103368176,0.294117647058823,0.505703422053231,0.299029126213592,0.586005830903789,0.359550561797753,0.499999999999999,0.357142857142856,0.485714285714287,0.445676274944568,0.304749340369393,0.464589235127479,0.477272727272727,0.563829787234042,0.428383961254355
2000-08-01,0.442575406032482,NA,0.289873417721519,NA,0.228315054835494,0.414448669201522,0.300970873786407,0.527696793002917,0.41011235955056,0.490909090909091,NA,0.415584415584416,NA,0.286279683377309,NA,0.409090909090908,NA,0.383259697553875
2000-09-01,0.380510440835266,0.252086811352254,0.30253164556962,0.328687572590011,0.238285144566301,0.391634980988593,0.283495145631067,0.466472303206996,0.421348314606741,0.456363636363637,0.237179487179486,0.363636363636363,0.327420546932742,0.233509234828496,0.396600566572238,0.361111111111111,0.467021276595744,0.347523210739216
2000-10-01,0.345127610208816,0.257512520868114,0.436708860759494,0.334494773519164,0.343968095712861,0.399239543726237,0.361165048543689,0.548104956268221,0.376404494382023,0.458181818181819,0.217948717948718,0.381818181818181,0.303769401330377,0.242744063324539,0.374881964117091,0.391414141414141,0.443617021276596,0.365711836082358
2000-11-01,0.513921113689095,0.713272120200334,0.782278481012659,0.694541231126597,0.616151545363909,0.730038022813688,0.683495145631067,0.976676384839651,0.432584269662919,0.525454545454545,0.557692307692307,0.584415584415584,0.53769401330377,0.5,0.63456090651558,0.755050505050505,0.615957446808511,0.638457860210631
2000-12-01,0.687354988399072,0.861435726210351,0.898734177215189,0.793263646922183,0.707876370887339,0.787072243346007,0.813592233009709,0.991253644314869,0.432584269662919,0.620000000000001,0.843406593406593,0.763636363636365,0.703991130820399,0.679419525065963,0.808309726156752,0.848484848484848,0.759574468085106,0.764705291507274
2001-01-01,NA,NA,NA,NA,0.660019940179462,NA,NA,NA,NA,NA,NA,NA,NA,NA,NA,NA,NA,0.660019940179462
2001-02-01,0.927494199535963,1,1,1,0.787637088733799,1,0.895145631067961,0.982507288629741,0.398876404494382,0.801818181818184,0.795787545787545,0.950649350649351,0.936067997043607,0.885224274406332,0.943342776203967,1,0.919148936170212,0.895511745561238
2001-03-01,0.960556844547563,NA,0.948101265822784,NA,0.746759720837488,NA,0.873786407766991,0.979591836734696,NA,0.905454545454546,0.807692307692307,0.997402597402598,0.964892830746489,0.890501319261213,0.937677053824363,0.941919191919191,0.953191489361702,0.91596364702861
2001-04-01,1,NA,0.949367088607594,NA,0.747756729810568,0.901140684410645,0.866019417475727,0.947521865889215,0.606741573033707,0.981818181818183,0.902930402930403,1,1,1,0.994334277620396,0.916666666666667,1,0.920953125884207
2001-05-01,0.963457076566125,0.939899833055092,0.815189873417721,0.693379790940766,0.642073778664007,0.787072243346007,0.669902912621359,0.725947521865889,0.606741573033707,1,0.814102564102564,0.914285714285715,0.974131559497413,0.770448548812665,0.938621340887629,0.83080808080808,0.985106382978723,0.827715811463733
2001-06-01,0.895011600928074,0.815108514190317,0.69746835443038,0.586527293844367,0.549351944167498,0.699619771863119,0.541747572815534,NA,0.685393258426965,0.987272727272729,0.663003663003662,0.802597402597403,0.899113082039911,0.649076517150395,0.851746931067045,0.71969696969697,0.935106382978724,0.748615124154568
2001-07-01,0.791183294663573,0.691569282136895,0.611392405063291,0.469221835075493,0.481555333998005,0.638783269961976,0.462135922330096,NA,0.735955056179776,0.952727272727274,0.547619047619047,0.701298701298702,0.811160384331116,0.522427440633245,0.792256846081208,0.613636363636363,0.877659574468085,0.668786376887759
2001-08-01,0.697795823665893,0.569699499165275,0.532911392405062,NA,0.419740777666999,0.608365019011407,0.413592233009708,NA,0.713483146067413,0.91818181818182,0.463369963369964,0.625974025974027,0.719512195121951,0.436675461741425,0.748819641170916,0.535353535353535,0.827659574468085,0.615408940424899
2001-09-01,0.592807424593967,0.456176961602671,0.50506329113924,0.386759581881533,0.397806580259223,0.551330798479088,0.427184466019417,0.551020408163267,0.707865168539324,0.869090909090909,0.373626373626373,0.555844155844156,0.617516629711752,0.366754617414248,0.697828139754485,0.479797979797979,0.764893617021276,0.547139241349348
2001-10-01,0.569025522041763,0.468280467445743,0.572151898734176,0.450638792102206,0.450648055832503,0.562737642585552,0.485436893203884,0.62390670553936,0.719101123595506,0.847272727272729,0.391025641025641,0.56883116883117,0.567257945306726,0.346965699208443,0.677998111425874,0.474747474747475,0.732978723404255,0.559353211311942
2001-11-01,0.588747099767981,0.631051752921536,0.718987341772152,0.662020905923345,0.555333998005982,0.673003802281369,0.563106796116505,0.877551020408162,0.691011235955054,0.860000000000001,0.486263736263736,0.680519480519481,0.617147080561715,0.498680738786279,0.741265344664779,0.638888888888889,0.772340425531915,0.662112920492287
2001-12-01,0.647911832946635,0.675292153589315,0.713924050632911,0.662020905923345,0.575772681954138,0.619771863117871,0.563106796116505,0.851311953352772,0.674157303370784,0.85818181818182,0.513736263736264,0.688311688311688,0.67479674796748,0.518469656992084,0.780925401322003,0.638888888888889,0.808510638297873,0.674417096747199
2002-01-01,0.671113689095128,0.663188647746244,0.69746835443038,0.632984901277584,0.542871385842473,0.581749049429658,0.611650485436893,0.880466472303208,0.87078651685393,0.88,0.505494505494505,0.680519480519481,0.650036954915004,0.511873350923483,0.792256846081208,0.626262626262625,0.809574468085106,0.682841043217465
2002-02-01,0.692575406032482,0.690317195325542,0.741772151898734,0.652729384436701,0.592721834496509,0.631178707224335,0.675728155339805,0.92128279883382,0.842696629213483,0.889090909090909,0.521062271062271,0.727272727272728,0.70990391722099,0.522427440633245,0.847025495750708,0.633838383838383,0.854255319148936,0.714463454518799
2002-03-01,0.700116009280742,0.714106844741235,0.735443037974683,0.652729384436701,0.57926221335992,0.627376425855512,0.623300970873785,0.953352769679301,0.730337078651683,0.883636363636366,0.571428571428571,0.727272727272728,0.711012564671101,0.530343007915567,0.818696883852691,0.646464646464647,0.856382978723403,0.709486028165802
2002-04-01,NA,0.678213689482471,NA,NA,0.572283150548355,NA,NA,NA,NA,0.91818181818182,0.542124542124542,NA,0.691056910569106,NA,0.796978281397544,NA,0.85,0.721262627471977
2002-05-01,0.643271461716937,0.558430717863105,0.579746835443037,0.584204413472706,0.474077766699899,0.555133079847908,0.460194174757281,0.644314868804664,0.87078651685393,0.887272727272729,0.452380952380952,0.641558441558441,0.64449371766445,0.444591029023747,0.771482530689329,0.565656565656566,0.826595744680852,0.623775973199208
2002-06-01,0.564965197215777,0.462437395659432,0.494936708860759,0.537746806039489,0.40677966101695,0.494296577946769,0.403883495145631,0.62390670553936,0.758426966292135,0.849090909090909,NA,0.566233766233766,NA,0.369393139841689,NA,0.482323232323231,NA,0.539570812400454
2002-07-01,0.526102088167053,0.379382303839733,0.449367088607594,0.506387921022067,0.361914257228316,0.463878326996197,0.363106796116504,0.583090379008748,0.758426966292135,0.818181818181818,NA,0.516883116883117,NA,0.327176781002639,NA,0.434343434343434,NA,0.499095482899181
2002-08-01,0.476218097447796,0.328464106844741,0.436708860759494,0.469221835075493,0.353439680957128,0.399239543726237,0.399999999999999,0.565597667638485,0.752808988764042,0.769090909090909,0.277472527472528,0.45974025974026,0.449741315594974,0.281002638522428,0.653446647780925,0.393939393939394,0.629787234042553,0.476230571023376
2002-09-01,0.43677494199536,0.284641068447412,0.393670886075949,0.451800232288037,0.313559322033899,0.365019011406844,0.372815533980582,0.542274052478135,0.730337078651683,0.732727272727273,0.257326007326007,0.425974025974026,0.394308943089431,0.254617414248021,0.617563739376771,0.371212121212121,0.65,0.44674245007715
2002-10-01,0.403132250580046,0.251669449081803,0.413924050632911,NA,0.302592223330011,0.334600760456274,0.339805825242719,NA,0.786516853932583,0.700000000000001,0.237179487179486,0.394805194805195,0.354028085735403,0.236147757255937,0.595845136921624,0.363636363636363,0.620212765957446,0.42227308031652
2002-11-01,0.418793503480278,0.418614357262104,0.694936708860758,0.495934959349593,0.520438683948155,0.482889733840305,0.599999999999999,0.935860058309038,0.702247191011236,0.678181818181818,0.235347985347985,0.467532467532468,0.594235033259424,0.274406332453826,0.673276676109538,0.454545454545454,NA,0.540452560218249
2002-12-01,0.517401392111368,0.491652754590985,0.775949367088607,0.610917537746806,0.607178464606181,0.604562737642586,0.757281553398058,NA,0.657303370786517,0.714545454545455,0.632783882783882,0.592207792207792,0.736141906873614,0.386543535620052,0.790368271954674,0.565656565656566,NA,0.629366305840876
2003-01-01,0.787122969837587,0.978297161936561,0.91012658227848,0.819976771196283,0.679295446992356,0.82509505703422,0.959223300970874,NA,0.612359550561795,0.801818181818184,0.867216117216117,0.854545454545454,0.81189948263119,0.741424802110818,0.954674220963172,0.868686868686868,0.911702127659575,0.836466506027471
2003-02-01,0.898491879350348,0.954090150250417,0.878481012658227,0.821138211382114,0.707377866400797,0.817490494296577,0.906796116504854,NA,0.719101123595506,0.890909090909092,0.874542124542124,0.927272727272727,0.896526237989653,0.788918205804749,1,0.848484848484848,0.977659574468084,0.869204978994382
2003-03-01,0.897331786542923,0.876043405676127,0.787341772151898,0.706155632984901,0.620139581256231,0.745247148288973,0.74757281553398,NA,0.758426966292135,0.910909090909092,0.776556776556775,0.88051948051948,0.887657058388766,0.726912928759895,0.949008498583569,0.790404040404041,0.974468085106382,0.814668441747198
2003-04-01,0.856728538283063,0.767946577629382,0.696202531645569,0.614401858304297,0.558325024925223,NA,0.601941747572815,NA,0.803370786516853,NA,0.641025641025641,0.805194805194805,0.840724316334072,0.638522427440633,0.885741265344665,0.71969696969697,0.942553191489361,0.740883977243097
2003-05-01,0.763921113689095,0.647746243739566,0.582278481012657,0.499419279907085,0.469092721834497,0.604562737642586,0.500970873786408,NA,0.876404494382023,0.892727272727275,0.508241758241758,0.711688311688312,0.753510716925351,0.514511873350924,0.822474032105761,0.606060606060606,0.894680851063829,0.665518210509858
2003-06-01,0.68445475638051,0.542988313856427,0.50253164556962,0.421602787456446,0.413758723828515,0.539923954372624,0.43883495145631,NA,0.825842696629212,0.852727272727275,0.423076923076922,0.631168831168831,0.676274944567628,0.431398416886544,0.781869688385269,0.517676767676767,0.838297872340426,0.595151784148708
2003-07-01,0.611368909512761,0.441986644407346,0.443037974683544,0.390243902439024,0.356430707876371,0.482889733840305,0.394174757281552,NA,0.842696629213483,0.814545454545455,0.336080586080586,0.558441558441558,0.591278640059128,0.366754617414248,0.749763928234183,0.457070707070708,0.795744680851064,0.539531839496957
2003-08-01,0.546983758700696,0.346828046744574,0.386075949367088,0.380952380952381,0.304087736789632,0.441064638783271,0.353398058252427,NA,0.808988764044942,0.770909090909092,0.268315018315018,0.496103896103897,0.495565410199557,0.313984168865435,0.701605288007555,0.411616161616162,0.735106382978723,0.485099046914403
2003-09-01,0.480858468677494,0.287145242070117,0.329113924050632,0.343786295005807,0.266699900299103,0.330798479087451,0.312621359223301,0.513119533527695,0.814606741573031,0.712727272727273,0.239010989010989,0.423376623376624,0.424981522542498,0.255936675461742,0.656279508970727,0.343434343434343,0.681914893617021,0.436259516038579
2003-10-01,0.428654292343387,0.237896494156928,0.291139240506329,0.301974448315912,0.240279162512463,0.273764258555132,0.285436893203883,0.466472303206996,0.719101123595506,0.66909090909091,0.206959706959706,0.381818181818181,0.36289726533629,0.225593667546174,0.623229461756375,0.323232323232323,0.636170212765958,0.392571173229556
2003-11-01,0.374709976798144,0.190734557595993,0.262025316455696,0.312427409988386,0.21036889332004,0.254752851711027,0.285436893203883,0.416909620991252,0.713483146067413,0.620000000000001,0.178571428571427,0.368831168831169,0.307464892830746,0.203166226912929,0.589235127478754,0.315656565656566,0.591489361702128,0.364427261065621
2003-12-01,0.346867749419953,0.179465776293823,0.572151898734176,0.419279907084785,0.45962113659023,0.414448669201522,0.452427184466019,0.411078717201166,0.651685393258425,0.594545454545456,0.20054945054945,0.436363636363636,0.289356984478936,0.230870712401055,0.580736543909349,0.388888888888889,0.580851063829788,0.424069951012745
2004-01-01,0.470997679814385,0.392737896494157,0.967088607594936,0.456445993031359,0.662013958125623,0.612167300380227,0.829126213592232,0.97376093294461,0.752808988764042,0.616363636363636,0.967948717948717,0.602597402597402,0.407982261640798,0.350923482849604,0.879131255901794,0.555555555555556,0.727659574468085,0.660312321062774
2004-02-01,0.558004640371229,0.477462437395659,0.949367088607594,0.638792102206736,0.747756729810568,0.703422053231939,0.792233009708738,0.900874635568516,0.685393258426965,0.658181818181819,0.809523809523808,0.70909090909091,0.506651884700665,0.472295514511874,0.88385269121813,0.638888888888889,0.817021276595745,0.702871338119987
2004-03-01,0.617749419953596,0.53881469115192,0.841772151898734,0.606271777003484,0.677966101694916,0.657794676806084,0.65631067961165,0.900874635568516,0.808988764044942,0.696363636363638,0.743589743589743,0.71948051948052,0.567627494456763,0.521108179419525,0.834749763928234,0.646464646464647,0.825531914893617,0.697732870372384
2004-04-01,0.631090487238979,0.532136894824708,0.717721518987341,0.657375145180023,0.589232303090727,0.612167300380227,0.535922330097087,0.915451895043734,0.769662921348313,0.683636363636364,0.613553113553112,0.693506493506494,0.594604582409461,0.490765171503958,0.779981114258735,0.621212121212121,0.820212765957447,0.662248971895814
2004-05-01,0.678654292343387,0.62228714524207,0.751898734177214,0.545876887340302,0.59072781655035,0.653992395437261,0.601941747572815,0.895043731778426,0.792134831460672,0.694545454545455,0.784798534798534,0.71948051948052,0.645971914264597,0.492084432717678,0.861189801699717,0.633838383838383,0.857446808510638,0.695406672456354
2004-06-01,0.668213457076566,0.578464106844741,0.563291139240506,0.509872241579559,0.465603190428714,0.585551330798478,0.47766990291262,0.673469387755104,0.882022471910112,0.690909090909093,0.615384615384615,0.662337662337663,0.630820399113082,0.464379947229552,0.806421152030217,0.57070707070707,0.842553191489361,0.62868649163218
2004-07-01,0.610788863109049,0.44991652754591,0.478481012658228,0.384436701509872,0.412761714855433,0.585551330798478,0.440776699029126,0.618075801749274,0.859550561797753,0.663636363636364,0.462454212454212,0.58961038961039,0.562823355506282,0.395778364116095,0.747875354107649,0.512626262626263,0.792553191489362,0.562805688623514
2004-08-01,0.540023201856148,0.354340567612688,0.391139240506329,0.348432055749129,0.340977068793619,0.494296577946769,0.398058252427184,0.565597667638485,0.89325842696629,0.636363636363636,0.357142857142856,0.514285714285715,0.484478935698448,0.335092348284961,0.705382436260623,0.454545454545454,0.741489361702127,0.503229635516498
2004-09-01,0.462877030162413,0.275876460767947,0.315189873417721,0.307781649245064,0.283150548354935,0.384030418250949,0.324271844660193,0.510204081632654,0.797752808988764,0.587272727272728,0.273809523809523,0.444155844155844,0.399113082039911,0.278364116094987,0.649669499527857,0.398989898989898,0.674468085106383,0.433351617204575
2004-10-01,0.407192575406032,0.234557595993322,NA,NA,0.231306081754736,0.342205323193916,0.363106796116504,0.469387755102042,1,0.563636363636365,0.155677655677655,0.410389610389612,0.343311160384331,0.242744063324539,0.536355051935789,0.381313131313131,0.548936170212765,0.415341288962716
2004-11-01,0.359048723897912,0.184474123539232,0.288607594936709,0.281068524970964,0.21036889332004,0.311787072243346,0.335922330097087,0.428571428571429,0.747191011235954,0.538181818181819,0.192307692307692,0.389610389610389,0.285291943828529,0.228232189973615,0.569405099150142,0.381313131313131,0.577659574468085,0.371120090685063
2004-12-01,0.332366589327146,0.168614357262103,0.30886075949367,0.310104529616724,0.304087736789632,0.311787072243346,0.345631067961164,0.425655976676384,0.85393258426966,0.534545454545456,0.173992673992673,0.43896103896104,0.261271249076127,0.230870712401055,0.546742209631728,0.381313131313131,0.557446808510639,0.381540232474805
2005-01-01,0.299883990719257,0.161936560934892,0.432911392405063,0.332171893147503,0.38185443668993,0.304182509505705,0.36504854368932,0.457725947521865,0.775280898876405,0.50909090909091,0.154761904761905,0.436363636363636,0.23909830007391,0.241424802110818,0.509915014164306,0.40151515151515,0.524468085106383,0.383978469216292
2005-02-01,0.299883990719257,0.162771285475793,0.50632911392405,0.339140534262485,NA,0.334600760456274,0.419417475728155,0.644314868804664,0.702247191011236,0.494545454545456,0.144688644688645,0.433766233766234,0.237620103473762,0.250659630606861,0.518413597733712,0.414141414141414,0.530851063829788,0.402086960197987
2005-03-01,0.299883990719257,0.169031719532554,0.511392405063292,0.349593495934959,0.409770687936191,0.342205323193916,0.43883495145631,0.778425655976679,0.679775280898876,0.485454545454545,0.15018315018315,0.446753246753246,0.23909830007391,0.253298153034301,0.528800755429651,0.411616161616162,0.532978723404256,0.413358620391839
2005-04-01,0.298143851508121,0.169449081803005,0.389873417721519,0.35307781649245,0.367896311066799,0.35361216730038,0.36504854368932,0.708454810495626,0.724719101123595,0.479999999999999,0.141941391941392,0.436363636363636,0.232446415373245,0.24934036939314,0.48819641170916,0.40151515151515,0.50531914893617,0.392082213319571
2005-05-01,0.286542923433875,0.156928213689482,0.288607594936709,0.340301974448316,0.26321036889332,0.32319391634981,0.314563106796116,0.64723032069971,0.741573033707865,0.467272727272728,0.128205128205127,0.397402597402598,0.220251293422025,0.229551451187335,0.462700661000945,0.373737373737373,0.481914893617021,0.360187504635315
2005-06-01,0.262761020881671,0.124373956594324,0.239240506329114,0.300813008130081,0.205383848454636,0.285171102661597,0.264077669902913,0.565597667638485,0.702247191011236,0.441818181818182,0.109890109890109,0.345454545454547,0.192904656319291,0.193931398416887,0.438149197355996,0.320707070707071,0.45,0.320148301856832
2005-07-01,0.228538283062645,0.0964106844741236,0.20126582278481,0.233449477351916,0.169491525423729,0.250950570342206,0.233009708737863,0.469387755102042,0.668539325842695,0.409090909090908,0.0943223443223444,0.267532467532468,0.164079822616408,0.154353562005277,0.400377714825308,0.267676767676768,0.41063829787234,0.277595002297874
2005-08-01,0.205336426914153,0.0897328881469115,0.169620253164557,0.200929152148664,0.146560319042871,0.216730038022814,0.188349514563107,0.399416909620993,0.606741573033707,0.38,0.0778388278388273,0.327272727272728,NA,0.129287598944591,NA,0.272727272727272,NA,0.243610250102943
2005-09-01,0.175754060324826,0.0567612687813021,0.165822784810127,0.21602787456446,0.119641076769691,0.243346007604563,0.287378640776699,0.317784256559768,0.634831460674158,0.347272727272728,0.0641025641025631,0.202597402597403,0.116777531411678,0.117414248021108,0.340887629839471,0.239898989898991,0.346808510638298,0.234888649096931
2005-10-01,0.147911832946636,NA,0.326582278481012,0.205574912891986,0.114656031904287,NA,0.227184466019416,NA,0.640449438202247,0.318181818181817,NA,0.200000000000001,NA,0.109498680738787,NA,0.257575757575758,NA,0.254761521694195
2005-11-01,0.140371229698376,0.0494574290484138,0.367088607594937,0.252032520325203,0.332003988035892,0.338403041825095,0.219417475728155,0.291545189504374,0.477528089887641,0.292727272727274,0.0499084249084238,0.236363636363637,0.0992239467849225,0.127968337730871,0.306421152030218,0.282828282828282,0.314361702127659,0.24574413689114
2005-12-01,0.135150812064965,0.0559265442404008,0.359493670886076,0.281068524970964,0.261216350947158,0.29277566539924,0.199999999999999,0.265306122448979,0.353932584269664,0.281818181818183,0.063186813186813,0.241558441558441,0.0990391722099039,0.135883905013193,0.300283286118981,0.285353535353536,0.319148936170213,0.231243679215101
2006-01-01,0.150812064965197,0.0742904841402338,0.498734177215189,0.276422764227642,0.282153539381854,0.285171102661597,0.318446601941748,0.314868804664723,0.471910112359548,0.265454545454546,0.0842490842490844,0.275324675324676,0.116038433111604,0.154353562005277,0.304060434372049,0.325757575757575,0.334042553191489,0.266593559707296
2006-02-01,0.167053364269141,0.0893155258764608,0.411392405063291,0.281068524970964,0.329012961116651,0.311787072243346,0.266019417475728,0.402332361516035,0.41011235955056,0.26,0.133699633699633,0.293506493506494,0.124907612712491,0.16754617414248,0.305004721435317,0.335858585858585,0.346808510638298,0.272672101416204
2006-03-01,0.203016241299304,0.106010016694491,0.436708860759494,0.289198606271777,0.321036889332003,0.31939163498099,0.289320388349514,0.580174927113702,0.348314606741571,0.26,0.143772893772893,0.306493506493506,0.14079822616408,0.175461741424803,0.328611898016997,0.345959595959595,0.368085106382979,0.291903243515159
2006-04-01,0.211716937354988,0.110183639398998,0.351898734177215,0.292682926829268,0.329012961116651,0.300380228136882,0.234951456310678,0.551020408163267,0.387640449438201,0.26,0.144688644688645,0.296103896103896,0.142645971914265,0.178100263852243,0.308781869688386,0.333333333333333,0.354255319148936,0.281611590567991
2006-05-01,0.202436194895591,0.100584307178631,0.262025316455696,0.276422764227642,0.230309072781655,0.296577946768061,0.219417475728155,0.542274052478135,0.42696629213483,0.252727272727272,0.122710622710622,0.272727272727274,0.136733185513673,0.164907651715039,0.295561850802645,0.308080808080808,0.334042553191489,0.26144144941866
2006-06-01,0.183294663573086,0.0730383973288815,0.273417721518988,0.257839721254355,0.219341974077766,0.31939163498099,0.234951456310678,0.714285714285717,0.365168539325842,0.247272727272729,0.0915750915750916,0.254545454545455,0.116038433111604,0.137203166226914,0.275731822474032,0.265151515151514,0.31063829787234,0.255228607699175
2006-07-01,0.150812064965197,0.0479966611018363,0.184810126582278,0.205574912891986,0.181455633100698,0.209125475285173,0.163106796116504,0.536443148688049,0.365168539325842,0.236363636363637,0.0741758241758244,0.184415584415585,0.0957132298595714,0.0910290237467024,0.255901794145421,0.166666666666667,0.284042553191489,0.201929510036615
2006-08-01,0.120649651972158,0.0221202003338899,0.126582278481013,0.155632984901278,0.125623130608175,0.216730038022814,0.145631067961165,0.411078717201166,0.415730337078653,0.218181818181818,0.0476190476190472,0.145454545454546,0.0716925351071694,0.0580474934036945,0.226628895184136,0.121212121212121,0.267021276595745,0.170331537606976
2006-09-01,0.092227378190255,0.00709515859766284,0.0974683544303801,0.164924506387921,0.0887337986041875,0.212927756653993,0.207766990291262,0.29737609329446,0.348314606741571,0.196363636363638,0.0274725274725272,0.14025974025974,0.0517368810051739,0.03957783641161,0.202077431539188,0.0984848484848486,0.209574468085107,0.146022471341972
2006-10-01,0.0829466357308584,0.00417362270450757,0.243037974683544,0.178861788617886,0.194416749750747,0.235741444866919,0.223300970873786,0.309037900874637,0.353932584269664,0.194545454545455,0.0173992673992672,0.17922077922078,0.0421286031042129,0.0580474934036945,0.174693106704439,0.154040404040404,0.19468085106383,0.167070919520861
2006-11-01,0.0759860788863106,0.00626043405676121,0.281012658227848,0.207897793263647,0.199401794616152,0.254752851711027,0.271844660194175,0.309037900874637,0.337078651685394,0.200000000000001,0.0311355311355301,0.202597402597403,0.0532150776053217,0.0883905013192614,0.168083097261568,0.217171717171717,0.219148936170213,0.18370676981041
2006-12-01,0.124709976798144,0.0459098497495827,0.588607594936709,0.281068524970964,0.444666001994018,0.448669201520912,0.479611650485437,0.839650145772595,0.191011235955054,0.238181818181818,0.0897435897435888,0.316883116883116,0.0883222468588322,0.16754617414248,0.230406043437205,0.366161616161617,0.303191489361703,0.308490604526693
2007-01-01,0.260440835266821,0.260016694490818,0.713924050632911,0.420441347270616,0.543369890329013,0.627376425855512,0.619417475728155,0.956268221574346,0.269662921348313,0.33818181818182,0.31043956043956,0.477922077922079,0.204360679970436,0.287598944591029,0.402266288951842,0.522727272727273,0.467021276595744,0.451849163639782
2007-02-01,0.32830626450116,0.333889816360601,0.722784810126581,0.511033681765389,0.535393818544367,0.653992395437261,0.599999999999999,0.932944606413997,0.292134831460672,0.4,0.391941391941392,0.545454545454546,0.261640798226164,0.349604221635884,0.439093484419264,0.565656565656566,0.525531914893617,0.493494302755145
2007-03-01,0.396751740139211,0.371869782971619,0.725316455696203,0.488385598141696,0.643070787637089,0.669201520912546,0.631067961165049,0.918367346938775,0.185393258426965,0.46,0.400183150183149,0.597402597402598,0.32520325203252,0.398416886543536,0.491029272898961,0.598484848484848,0.595744680851064,0.523287596495637
2007-04-01,0.423433874709977,0.346828046744574,0.556962025316456,0.495934959349593,1,0.585551330798478,0.460194174757281,0.664723032069973,0.286516853932583,0.518181818181819,0.369963369963369,0.561038961038962,0.343680709534368,0.399736147757256,0.463644948064212,0.558080808080808,0.590425531914893,0.507346858365565
2007-05-01,0.419373549883991,0.305926544240401,0.488607594936708,0.435540069686411,0.386839481555334,0.558935361216729,0.454368932038834,0.673469387755104,0.398876404494382,0.52909090909091,0.307692307692308,0.493506493506493,0.335550628233555,0.346965699208443,0.438149197355996,0.505050505050505,0.563829787234042,0.449516050187067
2007-06-01,0.404872389791183,0.348497495826377,0.478481012658228,0.437862950058072,0.392821535393818,0.577946768060837,0.436893203883495,0.848396501457727,0.42696629213483,0.538181818181819,0.288461538461538,0.488311688311689,0.360679970436068,0.329815303430079,0.436260623229462,0.499999999999999,0.553191489361702,0.461625916510407
2007-07-01,0.386890951276102,0.301335559265442,0.389873417721519,0.40650406504065,0.338983050847458,0.513307984790875,0.427184466019417,0.746355685131198,0.387640449438201,0.532727272727273,0.291208791208791,0.464935064935065,0.352549889135255,0.307387862796834,0.411709159584513,0.467171717171717,0.515957446808511,0.425983696111695
2007-08-01,0.353828306264501,0.26669449081803,0.317721518987342,0.35075493612079,0.266201395812562,0.429657794676807,0.361165048543689,0.635568513119533,0.421348314606741,0.510909090909091,0.265567765567765,0.407792207792208,0.332594235033259,0.261213720316623,0.396600566572238,0.406565656565656,0.488297872340426,0.38073420200278
2007-09-01,0.3207656612529,0.242904841402337,0.363291139240507,0.331010452961673,0.288135593220338,0.387832699619773,0.363106796116504,0.626822157434401,0.393258426966289,0.494545454545456,0.249084249084249,0.402597402597404,0.308943089430894,0.240105540897097,0.377714825306893,0.386363636363637,0.45531914893617,0.366576536198619
2007-10-01,0.291763341067285,0.215358931552588,0.377215189873418,0.307781649245064,0.273180458624128,0.376425855513308,0.401941747572816,0.583090379008748,0.365168539325842,0.469090909090911,0.215201465201465,0.379220779220779,0.288617886178862,0.224274406332454,0.352219074598678,0.391414141414141,0.426595744680851,0.349327088147137
2007-11-01,0.272621809744779,0.209933222036728,0.344303797468354,0.308943089430894,0.291126620139581,0.311787072243346,0.322330097087378,0.536443148688049,0.376404494382023,0.456363636363637,NA,0.371428571428571,0.273835920177384,0.220316622691293,0.349386213408876,0.373737373737373,0.406382978723405,0.339084041734479
2007-12-01,0.272621809744779,0.223706176961603,0.443037974683544,0.326364692218351,0.346959122632104,0.35361216730038,0.487378640776699,0.743440233236152,0.308988764044942,0.449090909090911,0.179487179487179,0.4,0.280118255728012,0.230870712401055,0.378659112370161,0.414141414141414,0.41595744680851,0.367907918330929
2008-01-01,0.338167053364269,0.390651085141903,0.612658227848101,0.426248548199767,0.441674975074776,0.49809885931559,0.667961165048543,0.953352769679301,0.398876404494382,0.481818181818182,0.222527472527472,0.509090909090909,0.341463414634146,0.292875989445911,0.507082152974505,0.512626262626263,0.488297872340426,0.47549831433085
2008-02-01,0.375290023201856,0.353505843071786,0.588607594936709,0.444831591173054,0.455633100697907,0.536121673003803,0.598058252427184,0.851311953352772,0.320224719101124,0.514545454545456,0.30128205128205,0.561038961038962,0.377309682187731,0.348284960422163,0.516525023607176,0.527777777777777,0.547872340425532,0.483424764838414
2008-03-01,0.390371229698376,0.372704507512521,0.540506329113923,0.43321718931475,0.424725822532403,0.509505703422054,0.514563106796116,0.801749271137028,0.5,0.54909090909091,NA,0.550649350649352,0.391352549889135,0.354881266490766,0.48158640226629,0.525252525252525,NA,0.489343744211077
2008-04-01,0.44199535962877,0.382303839732888,0.574683544303798,0.464576074332172,0.470588235294117,0.539923954372624,0.553398058252426,0.693877551020408,0.505617977528089,0.607272727272727,NA,0.592207792207792,0.437915742793792,0.37335092348285,0.542020774315393,NA,NA,0.512838039609846
2008-05-01,0.437935034802784,0.318864774624374,0.49746835443038,0.43321718931475,0.419740777666999,0.53231939163498,0.47766990291262,0.655976676384841,0.522471910112359,0.612727272727273,0.309523809523809,0.542857142857144,0.434589800443459,0.345646437994723,0.516525023607176,NA,NA,0.470502233269178
2008-06-01,0.424013921113689,0.366026711185309,0.440506329113924,0.387921022067363,0.373878364905284,0.551330798479088,0.460194174757281,0.626822157434401,0.494382022471911,0.614545454545456,0.185897435897436,0.498701298701299,NA,0.313984168865435,0.314447592067988,NA,NA,0.432332246543276
2008-07-01,0.389211136890951,0.303422370617696,0.435443037974683,0.347270615563298,0.314057826520439,0.490494296577946,0.405825242718446,0.580174927113702,0.505617977528089,0.596363636363636,0.259157509157509,0.488311688311689,NA,0.271767810026385,0.472143531633616,NA,NA,0.418518686214149
2008-08-01,0.330626450116009,0.256260434056761,0.431645569620252,0.300813008130081,0.260219341974077,0.425855513307983,0.337864077669902,0.574344023323616,0.48314606741573,0.57090909090909,0.226190476190476,0.389610389610389,0.335181079083518,0.229551451187335,0.450424929178471,NA,NA,0.373509460118246
2008-09-01,0.302784222737819,0.207429048414023,0.287341772151899,0.286875725900116,0.242273180458624,0.3574144486692,0.351456310679611,0.481049562682214,0.511235955056178,0.525454545454545,0.178571428571427,0.348051948051949,0.283813747228381,0.20580474934037,0.406987724268178,0.359848484848486,0.448936170212766,0.340313472042693
2008-10-01,0.270881670533642,NA,0.272151898734177,0.288037166085947,0.214356929212363,0.338403041825095,0.297087378640776,0.425655976676384,0.544943820224718,0.496363636363636,0.152014652014652,0.340259740259741,0.245011086474501,0.191292875989446,0.371104815864023,0.348484848484849,0.404255319148936,0.325019053533305
2008-11-01,0.281322505800464,0.219949916527546,0.269620253164557,0.261324041811847,0.3160518444666,0.31939163498099,0.38640776699029,0.486880466472305,0.455056179775282,0.481818181818182,NA,0.366233766233767,NA,0.20580474934037,NA,0.391414141414141,0.426595744680851,0.347705085248371
2008-12-01,0.302784222737819,0.236227045075125,0.312658227848101,0.328687572590011,0.431704885343967,0.425855513307983,0.574757281553397,0.644314868804664,0.528089887640448,0.478181818181819,0.421245421245421,0.431168831168832,0.324833702882484,0.24802110817942,0.466477809254013,0.464646464646464,0.501063829787235,0.418865793543953
2009-01-01,0.368329466357309,0.34474123539232,0.572151898734176,0.412311265969802,0.418743768693918,0.50190114068441,0.489320388349514,0.723032069970848,0.421348314606741,0.496363636363636,0.446886446886446,0.464935064935065,0.357354028085735,0.321899736147758,0.468366383380548,0.522727272727273,0.506382978723405,0.460987946824053
2009-02-01,0.496519721577726,0.727462437395659,0.713924050632911,0.599303135888502,0.568295114656032,0.722433460076044,0.776699029126214,0.909620991253648,0.415730337078653,0.530909090909091,0.421245421245421,0.623376623376623,0.476718403547672,0.449868073878628,0.548630783758263,0.681818181818182,0.611702127659574,0.604368057875226
2009-03-01,0.523781902552204,0.608514190317195,0.664556962025316,0.62253193960511,0.505483549351945,0.726235741444868,0.733980582524271,0.909620991253648,0.640449438202247,0.563636363636365,0.571428571428571,0.6987012987013,0.570583887657058,0.498680738786279,0.6109537299339,0.681818181818182,0.642553191489362,0.633735956513401
2009-04-01,0.543503480278422,0.542570951585977,0.549367088607595,0.544715447154472,0.430707876370888,0.64638783269962,0.58252427184466,0.696793002915454,0.561797752808988,0.59090909090909,0.474358974358974,0.649350649350649,NA,0.463060686015832,0.59395656279509,0.628787878787879,0.656382978723404,0.572198407825437
2009-05-01,0.517981438515081,0.481636060100167,0.420253164556963,0.45993031358885,0.363908275174477,0.566539923954373,0.448543689320388,0.618075801749274,0.51685393258427,0.592727272727273,NA,0.561038961038962,0.533628972653363,0.391820580474935,0.562795089707272,0.542929292929292,0.630851063829788,0.513094614556545
2009-06-01,0.476218097447796,0.377295492487479,0.353164556962026,0.376306620209059,NA,0.513307984790875,0.403883495145631,0.562682215743439,0.5561797752809,0.56909090909091,0.299450549450549,0.480519480519481,NA,0.328496042216359,0.537299338999055,0.467171717171717,0.59468085106383,0.459716475105274
2009-07-01,0.425754060324826,0.313856427378965,0.29620253164557,0.331010452961673,NA,0.471482889733841,0.337864077669902,0.516034985422741,0.606741573033707,0.540000000000002,0.236263736263736,0.402597402597404,0.41019955654102,0.277044854881266,0.494806421152031,0.414141414141414,0.553191489361702,0.414199492069362
2009-08-01,0.375870069605568,0.265025041736227,0.270886075949367,0.301974448315912,NA,0.505703422053231,0.324271844660193,0.472303206997087,0.528089887640448,0.501818181818182,0.193223443223443,0.387012987012987,0.356614929785662,0.24802110817942,0.458923512747875,0.388888888888889,0.506382978723405,0.380313126708618
2009-09-01,0.321925754060325,0.214106844741235,0.220253164556962,0.284552845528455,NA,0.346007604562739,0.269902912621359,0.408163265306121,0.494382022471911,0.456363636363637,0.158424908424907,0.335064935064935,0.298226164079823,0.216358839050132,0.425873465533523,0.343434343434343,0.454255319148937,0.327956001559334
2009-10-01,0.287122969837587,0.187813021702838,0.187341772151899,0.256678281068525,NA,0.281368821292776,0.244660194174757,0.358600583090381,0.528089887640448,0.42,0.132783882783882,0.296103896103896,0.267923133776792,0.192612137203166,0.389990557129368,0.320707070707071,0.413829787234042,0.297851624743589
2009-11-01,0.26508120649652,0.154006677796327,0.167088607594937,0.238095238095238,NA,0.231939163498098,0.207766990291262,0.323615160349855,0.505617977528089,0.4,0.0979853479853473,0.277922077922078,0.230968218773097,0.180738786279684,0.347497639282342,0.31060606060606,0.387234042553191,0.270385199690758
2009-12-01,0.28538283062645,0.156093489148581,0.636708860759493,0.300813008130081,NA,0.376425855513308,0.566990291262135,0.38192419825073,0.5,0.383636363636365,0.16117216117216,0.394805194805195,0.237989652623799,0.226912928759895,0.439093484419264,0.411616161616162,0.421276595744681,0.367552567279269
2010-01-01,0.370649651972158,0.342237061769616,0.759493670886075,0.300813008130081,NA,0.376425855513308,0.566990291262135,0.795918367346942,0.42696629213483,0.410909090909091,0.402930402930402,0.537662337662338,0.316334072431633,0.361477572559367,0.533522190745987,0.568181818181818,0.524468085106383,0.474686235596385
2010-02-01,NA,0.454924874791319,NA,0.550522648083623,NA,0.581749049429658,0.722330097087379,NA,0.606741573033707,NA,0.67032967032967,NA,0.436437546193644,NA,0.576959395656279,NA,NA,0.57499935682566
2010-03-01,0.56322505800464,0.604340567612688,0.843037974683543,0.655052264808362,NA,0.718631178707224,0.761165048543688,0.889212827988339,0.438202247191012,0.527272727272728,0.707875457875457,0.71948051948052,0.549889135254989,0.554089709762533,0.701605288007555,0.722222222222222,0.712765957446808,0.666754261553894
2010-04-01,0.589327146171693,0.596410684474123,0.721518987341772,0.580720092915215,0.534396809571286,0.665399239543726,0.627184466019417,0.883381924198253,0.466292134831459,0.581818181818182,0.813186813186813,0.714285714285714,0.570953436807095,0.547493403693932,0.649669499527857,0.704545454545454,0.72872340425532,0.645606317246312
2010-05-01,0.562645011600928,0.517111853088481,0.501265822784809,0.497096399535424,0.386839481555334,0.604562737642586,0.502912621359223,0.688046647230322,0.601123595505618,0.603636363636364,0.410256410256409,0.618181818181819,0.552845528455285,0.443271767810026,0.612842304060435,0.578282828282828,0.709574468085106,0.552382097592412
2010-06-01,0.51276102088167,0.431552587646077,0.386075949367088,0.398373983739837,0.319042871385842,0.53231939163498,0.403883495145631,0.641399416909623,0.612359550561795,0.583636363636365,0.307692307692308,0.524675324675325,0.505543237250554,0.364116094986808,0.572237960339943,0.494949494949495,0.663829787234043,0.485555814002199
2010-07-01,0.475638051044083,0.42779632721202,0.343037974683543,0.282229965156794,0.269192422731804,0.384030418250949,0.297087378640776,0.609329446064142,0.578651685393259,0.565454545454547,0.246336996336996,0.446753246753246,0.44050258684405,0.311345646437994,0.528800755429651,0.426767676767676,0.63404255319149,0.427470451552531
2010-08-01,0.396751740139211,0.262938230383973,0.273417721518988,0.253193960511034,0.218344965104686,0.365019011406844,0.277669902912621,0.53935860058309,0.629213483146066,0.518181818181819,0.208791208791209,0.358441558441559,0.359940872135994,0.238786279683377,0.497639282341833,0.358585858585859,0.562765957446809,0.371708261842057
2010-09-01,0.347447795823666,0.218697829716194,0.250632911392405,0.283391405342625,0.19740777666999,0.410646387832699,0.271844660194175,0.489795918367346,0.528089887640448,0.483636363636365,0.169413919413919,0.355844155844157,0.29490022172949,0.228232189973615,0.449480642115203,0.378787878787879,0.51063829787234,0.345228720138383
2010-10-01,0.317285382830626,0.203255425709516,0.256962025316456,0.299651567944251,0.187437686939182,0.437262357414448,0.299029126213592,0.472303206997087,0.51685393258427,0.456363636363637,0.152014652014652,0.361038961038961,0.270509977827051,0.233509234828496,0.421152030217187,0.396464646464646,0.472340425531914,0.338437310366822
2010-11-01,0.30568445475638,0.204090150250417,0.408860759493671,0.332171893147503,0.272183449651047,0.395437262357414,0.283495145631067,0.516034985422741,0.606741573033707,0.434545454545454,0.152930402930403,0.366233766233767,0.258314855875832,0.24934036939314,0.403210576015109,0.419191919191918,0.445744680851063,0.356130099928272
2010-12-01,0.301624129930394,0.21661101836394,0.299999999999999,0.336817653890824,0.281156530408774,0.3574144486692,0.275728155339805,0.495626822157436,0.42696629213483,0.410909090909091,0.179487179487179,0.368831168831169,0.254249815225425,0.250659630606861,0.466477809254013,0.40151515151515,0.424468085106384,0.338149587166499
2011-01-01,0.325406032482599,0.364357262103506,0.591139240506329,0.368176538908246,0.517447657028913,0.395437262357414,0.429126213592232,0.705539358600585,0.522471910112359,0.403636363636365,0.176739926739926,0.4,0.310421286031042,0.278364116094987,0.444759206798867,0.497474747474747,0.441489361702128,0.421881557892367
2011-02-01,0.423433874709977,0.39440734557596,0.677215189873417,0.491289198606272,0.515453639082752,0.615969581749048,0.471844660194175,0.804664723032069,0.522471910112359,0.465454545454545,0.455128205128205,0.532467532467533,0.364375461936437,0.382585751978892,0.540132200188857,0.575757575757576,0.565957446808511,0.517565226038623
2011-03-01,0.468097447795824,0.428213689482471,0.625316455696202,0.494773519163763,0.466600199401795,0.581749049429658,0.518446601941747,0.807580174927114,0.522471910112359,0.494545454545456,0.466117216117215,0.563636363636364,0.409090909090909,0.410290237467018,0.548630783758263,0.578282828282828,0.593617021276595,0.528085874242681
2011-04-01,0.477958236658932,0.411519198664441,0.449367088607594,0.444831591173054,0.365902293120638,0.524714828897339,0.394174757281552,0.650145772594755,0.522471910112359,0.510909090909091,0.379120879120879,0.540259740259741,0.420546932742055,0.390501319261214,0.517469310670444,0.54040404040404,0.587234042553192,0.478090060766548
2011-05-01,0.452436194895591,0.348288814691152,0.332911392405062,0.382113821138211,0.245264207377867,0.460076045627376,0.320388349514563,0.586005830903789,0.522471910112359,0.492727272727274,0.286630036630036,0.462337662337662,0.399482631189948,0.336411609498681,0.483474976392824,0.469696969696969,0.55531914893617,0.41976687494562
2011-06-01,0.403132250580046,0.273372287145242,0.265822784810127,0.311265969802555,0.199401794616152,0.391634980988593,0.250485436893204,0.530612244897958,0.5561797752809,0.465454545454545,0.208791208791209,0.379220779220779,0.336659275683666,0.273087071240105,0.442870632672332,0.398989898989898,0.509574468085107,0.364503259126613
2011-07-01,0.349187935034802,0.224540901502504,0.221518987341772,0.264808362369338,0.155533399800598,0.342205323193916,0.229126213592233,0.481049562682214,0.584269662921347,0.434545454545454,0.17032967032967,0.31948051948052,0.290465631929047,0.224274406332454,0.407932011331445,0.338383838383837,0.457446808510638,0.323241099369517
2011-08-01,0.29292343387471,0.170701168614357,0.178481012658228,0.218350754936121,0.129611166500498,0.277566539923956,0.190291262135922,0.419825072886298,0.494382022471911,0.401818181818183,0.133699633699633,0.25974025974026,0.23540280857354,0.176781002638523,0.364494806421152,0.28030303030303,0.40531914893617,0.272334782713676
2011-09-01,0.218097447795824,0.108096828046745,0.125316455696203,0.18931475029036,0.103688933200399,0.205323193916349,0.145631067961165,0.329446064139941,0.421348314606741,0.345454545454546,0.0824175824175816,0.17922077922078,0.167775314116778,0.133245382585753,0.302171860245515,0.242424242424243,0.326595744680852,0.213268735694104
2011-10-01,0.189095127610209,0.0868113522537562,0.10253164556962,0.178861788617886,0.0747756729810569,0.167300380228136,NA,0.282798833819242,0.365168539325842,0.32,0.063186813186813,0.150649350649352,0.143385070214339,0.113456464379947,0.278564683663834,0.217171717171717,0.295744680851064,0.189343882532676
2011-11-01,0.160092807424594,0.0663606010016696,0.0772151898734176,0.170731707317073,0.0498504486540379,0.140684410646387,0.112621359223301,0.224489795918367,0.359550561797753,0.298181818181817,0.0457875457875458,0.132467532467534,0.120473022912047,0.0936675461741425,0.254957507082153,0.194444444444445,0.262765957446809,0.16260836802077
2011-12-01,0.131090487238979,0.0496661101836393,0.056962025316456,0.177700348432056,0.0438683948155531,0.106463878326997,0.112621359223301,0.16326530612245,0.41011235955056,0.263636363636363,0.0320512820512815,0.106493506493507,0.099408721359941,0.0791556728232191,0.234183191690274,0.181818181818181,0.226595744680851,0.145593701986095
2012-01-01,0.104988399071925,0.0409015025041738,0.0620253164556964,0.203252032520325,0.0448654037886337,0.152091254752851,0.165048543689319,0.139941690962101,NA,0.243636363636363,0.02014652014652,0.116883116883118,0.0790835181079084,0.0923482849604225,0.18791312559018,0.232323232323233,0.187234042553192,0.129542646746623
2012-02-01,0.0916473317865428,0.0434056761268781,0.561392405063291,0.467479674796748,0.236291126620139,0.437262357414448,0.488349514563107,0.183673469387754,0.275280898876405,0.430909090909091,0.0164835164835158,0.461038961038961,0.356245380635625,0.360817941952506,0.449480642115203,0.525252525252525,0.452127659574468,0.343361068976306
2012-03-01,0.0928074245939676,0.0517529215358932,0.235443037974683,0.274099883855981,0.162512462612163,0.209125475285173,0.217475728155339,0.215743440233235,0.247191011235954,0.227272727272726,0.0210622710622701,0.187012987012987,0.0750184774575019,0.137203166226914,0.152030217186024,0.315656565656566,0.14468085106383,0.174475802848306
2012-04-01,0.100928074245939,0.0580133555926544,0.148101265822785,0.281068524970964,0.115653040877368,0.216730038022814,0.172815533980583,0.186588921282799,0.331460674157301,0.229090909090909,0.0247252747252744,0.189610389610391,0.0798226164079824,0.149076517150396,0.15014164305949,0.315656565656566,0.147872340425532,0.170432687357632
2012-05-01,0.190255220417633,0.151919866444073,NA,0.400696864111498,0.426719840478564,0.524714828897339,0.394174757281552,NA,0.134831460674158,NA,0.0906593406593402,NA,0.163710273466371,NA,0.172804532577903,NA,NA,0.265048698500843
2012-06-01,0.245359628770301,NA,0.562025316455696,0.418118466898955,0.405782652043869,0.596958174904943,0.396116504854369,0.930029154518952,0.185393258426965,0.303636363636363,0.208791208791209,0.392207792207793,0.206208425720621,NA,0.212464589235127,0.492424242424243,0.290425531914894,0.389729420720287
2012-07-01,0.262180974477958,0.321160267111853,0.488607594936708,0.409988385598142,0.408773678963111,0.600760456273763,0.469902912621358,0.854227405247813,0.258426966292135,0.327272727272728,0.253663003663003,0.392207792207793,0.219881744271988,0.274406332453826,0.23229461756374,0.505050505050505,0.325531914893617,0.388490428170591
2012-08-01,0.344547563805104,NA,0.440506329113924,0.530778164924506,0.351944167497507,0.566539923954373,0.388349514563107,0.731778425655976,0.213483146067417,0.367272727272728,0.386446886446886,0.418181818181818,0.298226164079823,0.317941952506597,0.303116147308783,0.54040404040404,0.412765957446809,0.413267683076837
2012-09-01,0.342807424593967,0.333889816360601,0.287341772151899,0.43205574912892,0.220338983050848,0.452471482889733,0.283495145631067,0.615160349854229,0.235955056179776,0.354545454545454,0.316849816849816,0.350649350649351,0.291943828529195,0.282321899736148,0.295561850802645,0.469696969696969,0.398936170212766,0.350824771815493
2012-10-01,0.32830626450116,0.289232053422371,0.387341772151899,0.369337979094077,0.299102691924227,0.422053231939163,0.283495145631067,0.551020408163267,0.235955056179776,0.34,0.264652014652015,0.314285714285714,0.28640059127864,0.258575197889182,0.289896128423041,0.44949494949495,0.378723404255319,0.338110153134463
2012-11-01,0.330626450116009,0.261686143572621,0.559493670886076,0.43205574912892,0.451645064805583,0.452471482889733,0.491262135922329,0.59475218658892,0.168539325842695,0.350909090909091,0.258241758241758,0.379220779220779,0.307834441980784,0.273087071240105,0.39565627950897,0.487373737373737,0.413829787234042,0.388746185615421
2012-12-01,0.428654292343387,0.426544240400668,0.7,0.580720092915215,0.558325024925225,0.551330798479088,0.691262135922329,0.889212827988339,0.331460674157301,0.427272727272728,0.383699633699633,0.542857142857144,0.397265336289726,0.378627968337731,0.547686496694995,0.608585858585858,0.54468085106383,0.528716829525482
2013-01-01,0.585266821345707,0.456594323873122,0.768354430379747,0.753774680603948,0.598205383848454,0.70722433460076,0.770873786407767,0.860058309037904,0.314606741573035,0.558181818181819,0.785714285714285,0.737662337662338,0.582409460458241,0.587071240105541,0.72710103871577,0.767676767676767,0.698936170212766,0.662335995905763
2013-02-01,0.661252900232018,0.706176961602671,0.791139240506329,0.688734030197445,0.623130608175473,0.71102661596958,0.786407766990291,0.953352769679301,0.308988764044942,0.62909090909091,0.609890109890109,0.771428571428571,0.640059127864006,0.597625329815303,0.731822474032106,0.757575757575757,0.751063829787234,0.689339162757767
2013-03-01,0.675754060324826,0.716193656093489,0.748101265822784,0.642276422764228,0.602193419740778,0.695817490494295,0.74757281553398,0.941690962099129,0.5,0.678181818181818,0.592490842490842,0.755844155844157,0.665188470066519,0.593667546174142,0.705382436260623,0.742424242424242,0.769148936170213,0.692466384734474
2013-04-01,0.678074245939675,0.695742904841402,0.693670886075949,0.583042973286875,0.528414755732802,0.657794676806084,0.631067961165049,0.880466472303208,0.432584269662919,0.721818181818184,0.565934065934065,0.732467532467532,0.67110125646711,0.556728232189974,0.701605288007555,0.694444444444444,0.786170212765957,0.659478138818164
2013-05-01,0.650812064965197,0.642320534223706,0.60506329113924,0.521486643437863,0.456630109670986,0.608365019011407,0.500970873786408,0.685131195335277,0.471910112359548,0.732727272727273,0.497252747252746,0.680519480519481,0.645232815964523,0.507915567282322,0.681775259678942,0.646464646464647,0.77127659574468,0.606226719386132
2013-06-01,0.572505800464037,0.549666110183639,0.451898734177216,0.436701509872242,NA,0.551330798479088,0.405825242718446,0.632653061224492,0.471910112359548,0.707272727272727,0.369963369963369,0.571428571428572,0.579083518107908,0.406332453825858,0.621340887629839,0.542929292929292,0.709574468085106,0.536276041170086
2013-07-01,0.523201856148492,0.462437395659432,0.375949367088607,0.356562137049942,0.297108673978066,0.463878326996197,0.332038834951455,0.59475218658892,0.471910112359548,0.683636363636364,0.29029304029304,0.480519480519481,0.509238728750924,0.339050131926121,0.580736543909349,0.457070707070708,0.670212765957446,0.464035097228476
2013-08-01,0.462877030162413,0.351419031719533,0.31139240506329,0.304297328687573,0.245264207377867,0.399239543726237,0.293203883495145,0.562682215743439,0.466292134831459,0.643636363636364,0.248168498168498,0.402597402597404,0.434589800443459,0.278364116094987,0.533522190745987,0.396464646464646,0.611702127659574,0.408571348624581
2013-09-01,0.396751740139211,0.292153589315526,0.269620253164557,0.283391405342625,0.208374875373878,0.384030418250949,0.269902912621359,0.533527696793004,0.550561797752807,0.605454545454547,0.216117216117216,0.350649350649351,0.375831485587583,0.242744063324539,0.508970727101039,0.371212121212121,0.55531914893617,0.377330196890381
2013-10-01,0.358468677494199,0.240400667779633,0.241772151898734,0.278745644599303,NA,0.326996197718631,0.264077669902913,0.498542274052477,0.51685393258427,0.580000000000002,0.183150183150183,0.322077922077922,0.31559497413156,0.220316622691293,0.459867799811143,0.361111111111111,0.514893617021277,0.355179340376541
2013-11-01,0.309744779582366,0.200333889816361,0.515189873417722,0.332171893147503,0.278664007976071,0.422053231939163,0.446601941747572,0.530612244897958,0.337078651685394,0.545454545454545,0.165750915750916,0.374025974025975,0.283074648928308,0.238786279683377,0.431539187913126,0.414141414141414,0.472340425531914,0.370444935625864
2013-12-01,0.306264501160093,0.192821368948247,0.477215189873417,0.364692218350755,0.343968095712861,0.384030418250949,0.42135922330097,0.536443148688049,0.404494382022471,0.545454545454545,0.187728937728937,0.392207792207793,0.270509977827051,0.258575197889182,0.430594900849858,0.441919191919192,0.468085106382979,0.378021423327491
2014-01-01,0.418793503480278,0.224332220367279,0.746835443037975,0.498257839721254,0.587238285144566,0.653992395437261,0.770873786407767,0.860058309037904,0.455056179775282,0.574545454545456,0.291208791208791,0.532467532467533,0.37620103473762,0.348284960422163,0.569405099150142,0.59090909090909,0.560638297872341,0.532888130807218
2014-02-01,0.652552204176334,0.669866444073456,0.974683544303797,0.801393728222996,0.767696909272183,0.859315589353611,1,0.991253644314869,0.584269662921347,0.667272727272727,0.959706959706959,0.774025974025975,0.577974870657798,0.576517150395779,0.831916902738432,0.843434343434342,0.746808510638299,0.781099362676994
2014-03-01,0.762180974477958,0.818864774624374,0.886075949367088,0.754936120789779,0.780658025922233,0.82509505703422,0.844660194174756,0.845481049562682,0.5,0.810909090909092,0.768315018315018,0.919480519480519,0.738728750923873,0.722955145118733,0.837582625118036,0.823232323232323,0.85,0.793479742297099
2014-04-01,0.751160092807424,NA,0.756962025316456,0.650406504065041,0.588235294117647,0.745247148288973,0.650485436893203,0.740524781341107,0.466292134831459,0.825454545454546,0.634615384615384,0.85974025974026,0.740946045824095,0.656992084432718,0.762039660056658,0.760101010101009,0.840425531914894,0.714351746237555
2014-05-01,0.709396751740139,0.7220367278798,0.611392405063291,0.547038327526132,0.468594217347956,0.673003802281369,0.576699029126214,0.67930029154519,0.595505617977529,0.829090909090909,0.521062271062271,0.758441558441559,0.712860310421286,0.552770448548813,0.722379603399434,0.669191919191919,0.811702127659575,0.656498018723728
2014-06-01,0.644431554524362,0.598914858096828,0.517721518987342,0.491289198606272,0.388833499501496,0.657794676806084,0.510679611650485,0.688046647230322,0.567415730337077,0.816363636363638,0.410256410256409,0.664935064935065,0.65779748706578,0.465699208443272,0.685552407932012,0.588383838383838,0.770212765957447,0.595548712651631
2014-07-01,0.576566125290023,0.503338898163606,0.429113924050633,0.403019744483159,0.352941176470588,0.596958174904943,0.568932038834952,0.664723032069973,0.623595505617977,0.790909090909092,0.316849816849816,0.584415584415584,0.574648928307465,0.403693931398417,0.637393767705382,0.532828282828283,0.725531914893617,0.546203525717265
2014-08-01,NA,0.414023372287145,NA,NA,0.299102691924227,NA,NA,NA,NA,NA,NA,NA,NA,NA,NA,NA,NA,0.356563032105686
2014-09-01,0.467517401392111,0.329507512520868,0.341772151898734,0.365853658536585,0.256231306081755,0.494296577946769,0.361165048543689,0.609329446064142,0.584269662921347,0.720000000000001,0.228937728937729,0.503896103896105,0.439393939393939,0.329815303430079,0.548630783758263,0.472222222222221,0.621276595744681,0.451418555487589
2014-10-01,0.436194895591647,NA,0.422784810126582,0.361207897793263,0.300099700897308,0.437262357414448,0.467961165048543,0.577259475218661,0.623595505617977,0.687272727272727,0.206959706959706,0.483116883116883,0.41389504804139,0.312664907651715,0.525967894239849,0.484848484848485,0.574468085106383,0.457222471559098
2014-11-01,0.410092807424594,0.301752921535893,0.396202531645569,0.375145180023229,0.469591226321037,0.452471482889733,0.407766990291261,0.565597667638485,0.617977528089888,0.66909090909091,0.21062271062271,0.496103896103897,0.394308943089431,0.315303430079156,0.509915014164306,0.474747474747475,0.552127659574468,0.448165786666591
2014-12-01,0.453016241299304,0.422579298831386,0.643037974683544,0.494773519163763,0.530408773678963,0.627376425855512,0.677669902912621,0.734693877551021,0.584269662921347,0.672727272727273,0.267399267399268,0.602597402597402,0.429785661492979,0.386543535620052,0.572237960339943,0.563131313131312,0.590425531914893,0.54427491894827
